Orientation Trunk AP,Orientation Thigh AP,Orientation Shank AP,Orientation Trunk ML,Angle Hip,Angle Knee,Ang Velocity Knee,Ang Velocity Hip,STS Phase,Placeholder,,
0.00,-90.00,0.00,0.00,90.00,90.00,0.00,0.00,0.00,0.00,,
0.00,-90.00,0.00,0.00,90.00,90.00,0.00,0.00,0.00,0.00,,
0.00,-90.00,0.00,0.00,90.00,90.00,0.00,0.00,0.00,0.00,,
0.00,-90.00,0.00,0.00,90.00,90.00,0.00,0.00,0.00,0.00,,
0.00,-90.00,0.00,0.00,90.00,90.00,0.00,0.00,0.00,0.00,,
0.00,-90.00,0.00,0.00,90.00,90.00,0.00,0.00,0.00,0.00,,
0.00,-90.00,0.00,0.00,90.00,90.00,0.00,0.00,0.00,0.00,,
0.00,-90.00,0.00,0.00,90.00,90.00,0.00,0.00,0.00,0.00,,
0.00,-90.00,0.00,0.00,90.00,90.00,0.00,0.00,0.00,0.00,,
0.00,-90.00,0.00,0.00,90.00,90.00,0.00,0.00,0.00,0.00,,
0.00,-90.00,0.00,0.00,90.00,90.00,0.00,0.00,0.00,0.00,,
0.00,-90.00,0.00,0.00,90.00,90.00,0.00,0.00,0.00,0.00,,
0.00,-90.00,0.00,0.00,90.00,90.00,0.00,0.00,0.00,0.00,,
0.00,-90.00,0.00,0.00,90.00,90.00,0.00,0.00,0.00,0.00,,
0.00,-90.00,0.00,0.00,90.00,90.00,0.00,0.00,0.00,0.00,,
0.00,-90.00,0.00,0.00,90.00,90.00,0.00,0.00,0.00,0.00,,
0.00,-90.00,0.00,0.00,90.00,90.00,0.00,0.00,0.00,0.00,,
0.00,-90.00,0.00,0.00,90.00,90.00,0.00,0.00,0.00,0.00,,
0.00,-90.00,0.00,0.00,90.00,90.00,0.00,0.00,0.00,0.00,,
0.00,-90.00,0.00,0.00,90.00,90.00,0.00,0.00,0.00,0.00,,
0.00,-90.00,0.00,0.00,90.00,90.00,0.00,0.00,0.00,0.00,,
0.00,-90.00,0.00,0.00,90.00,90.00,0.00,0.00,0.00,0.00,,
0.00,-90.00,0.00,0.00,90.00,90.00,0.00,0.00,0.00,0.00,,
0.00,-90.00,0.00,0.00,90.00,90.00,0.00,0.00,0.00,0.00,,
0.00,-90.00,0.00,0.00,90.00,90.00,0.00,0.00,0.00,0.00,,
0.00,-90.00,0.00,0.00,90.00,90.00,0.00,0.00,0.00,0.00,,
0.00,-90.00,0.00,0.00,90.00,90.00,0.00,0.00,0.00,0.00,,
0.00,-90.00,0.00,0.00,90.00,90.00,0.00,0.00,0.00,0.00,,
0.00,-90.00,0.00,0.00,90.00,90.00,0.00,0.00,0.00,0.00,,
0.00,-90.00,0.00,0.00,90.00,90.00,0.00,0.00,0.00,0.00,,
0.00,-90.00,0.00,0.00,90.00,90.00,0.00,0.00,0.00,0.00,,
0.00,-90.00,0.00,0.00,90.00,90.00,0.00,0.00,0.00,0.00,,
0.00,-90.00,0.00,0.00,90.00,90.00,0.00,0.00,0.00,0.00,,
0.00,-90.00,0.00,0.00,90.00,90.00,0.00,0.00,0.00,0.00,,
0.00,-90.00,0.00,0.00,90.00,90.00,0.00,0.00,0.00,0.00,,
0.00,-90.00,0.00,0.00,90.00,90.00,0.00,0.00,0.00,0.00,,
0.00,-90.00,0.00,0.00,90.00,90.00,0.00,0.00,0.00,0.00,,
0.00,-90.00,0.00,0.00,90.00,90.00,0.00,0.00,0.00,0.00,,
0.00,-90.00,0.00,0.00,90.00,90.00,0.00,0.00,0.00,0.00,,
0.00,-90.00,0.00,0.00,90.00,90.00,0.00,0.00,0.00,0.00,,
0.00,-90.00,0.00,0.00,90.00,90.00,0.00,0.00,0.00,0.00,,
0.00,-90.00,0.00,0.00,90.00,90.00,0.00,0.00,0.00,0.00,,
0.00,-90.00,0.00,0.00,90.00,90.00,0.00,0.00,0.00,0.00,,
0.00,-90.00,0.00,0.00,90.00,90.00,0.00,0.00,0.00,0.00,,
0.00,-90.00,0.00,0.00,90.00,90.00,0.00,0.00,0.00,0.00,,
0.00,-90.00,0.00,0.00,90.00,90.00,0.00,0.00,0.00,0.00,,
0.00,-90.00,0.00,0.00,90.00,90.00,0.00,0.00,0.00,0.00,,
0.00,-90.00,0.00,0.00,90.00,90.00,0.00,0.00,0.00,0.00,,
0.00,-90.00,0.00,0.00,90.00,90.00,0.00,0.00,0.00,0.00,,
0.00,-90.00,0.00,0.00,90.00,90.00,0.00,0.00,0.00,0.00,,
0.00,-90.00,0.00,0.00,90.00,90.00,0.00,0.00,0.00,0.00,,
0.00,-90.00,0.00,0.00,90.00,90.00,0.00,0.00,0.00,0.00,,
0.00,-90.00,0.00,0.00,90.00,90.00,0.00,0.00,0.00,0.00,,
0.00,-90.00,0.00,0.00,90.00,90.00,0.00,0.00,0.00,0.00,,
0.00,-90.00,0.00,0.00,90.00,90.00,0.00,0.00,0.00,0.00,,
0.00,-90.00,0.00,0.00,90.00,90.00,0.00,0.00,0.00,0.00,,
0.00,-90.00,0.00,0.00,90.00,90.00,0.00,0.00,0.00,0.00,,
0.00,-90.00,0.00,0.00,90.00,90.00,0.00,0.00,0.00,0.00,,
0.00,-90.00,0.00,0.00,90.00,90.00,0.00,0.00,0.00,0.00,,
0.00,-90.00,0.00,0.00,90.00,90.00,0.00,0.00,0.00,0.00,,
0.00,-90.00,0.00,0.00,90.00,90.00,0.00,0.00,0.00,0.00,,
0.00,-90.00,0.00,0.00,90.00,90.00,0.00,0.00,0.00,0.00,,
0.00,-90.00,0.00,0.00,90.00,90.00,0.00,0.00,0.00,0.00,,
0.00,-90.00,0.00,0.00,90.00,90.00,0.00,0.00,0.00,0.00,,
0.00,-90.00,0.00,0.00,90.00,90.00,0.00,0.00,0.00,0.00,,
0.00,-90.00,0.00,0.00,90.00,90.00,0.00,0.00,0.00,0.00,,
0.00,-90.00,0.00,0.00,90.00,90.00,0.00,0.00,0.00,0.00,,
0.00,-90.00,0.00,0.00,90.00,90.00,0.00,0.00,0.00,0.00,,
0.00,-90.00,0.00,0.00,90.00,90.00,0.00,0.00,0.00,0.00,,
0.00,-90.00,0.00,0.00,90.00,90.00,0.00,0.00,0.00,0.00,,
0.00,-90.00,0.00,0.00,90.00,90.00,0.00,0.00,0.00,0.00,,
0.00,-90.00,0.00,0.00,90.00,90.00,0.00,0.00,0.00,0.00,,
0.00,-90.00,0.00,0.00,90.00,90.00,0.00,0.00,0.00,0.00,,
0.00,-90.00,0.00,0.00,90.00,90.00,0.00,0.00,0.00,0.00,,
0.00,-90.00,0.00,0.00,90.00,90.00,0.00,0.00,0.00,0.00,,
0.00,-90.00,0.00,0.00,90.00,90.00,0.00,0.00,0.00,0.00,,
0.00,-90.00,0.00,0.00,90.00,90.00,0.00,0.00,0.00,0.00,,
0.00,-90.00,0.00,0.00,90.00,90.00,0.00,0.00,0.00,0.00,,
0.00,-90.00,0.00,0.00,90.00,90.00,0.00,0.00,0.00,0.00,,
0.00,-90.00,0.00,0.00,90.00,90.00,0.00,0.00,0.00,0.00,,
0.00,-90.00,0.00,0.00,90.00,90.00,0.00,0.00,0.00,0.00,,
0.00,-90.00,0.00,0.00,90.00,90.00,0.00,0.00,0.00,0.00,,
0.00,-90.00,0.00,0.00,90.00,90.00,0.00,0.00,0.00,0.00,,
0.00,-90.00,0.00,0.00,90.00,90.00,0.00,0.00,0.00,0.00,,
0.00,-90.00,0.00,0.00,90.00,90.00,0.00,0.00,0.00,0.00,,
0.00,-90.00,0.00,0.00,90.00,90.00,0.00,0.00,0.00,0.00,,
0.00,-90.00,0.00,0.00,90.00,90.00,0.00,0.00,0.00,0.00,,
0.00,-90.00,0.00,0.00,90.00,90.00,0.00,0.00,0.00,0.00,,
0.00,-90.00,0.00,0.00,90.00,90.00,0.00,0.00,0.00,0.00,,
0.00,-90.00,0.00,0.00,90.00,90.00,0.00,0.00,0.00,0.00,,
0.00,-90.00,0.00,0.00,90.00,90.00,0.00,0.00,0.00,0.00,,
0.00,-90.00,0.00,0.00,90.00,90.00,0.00,0.00,0.00,0.00,,
0.00,-90.00,0.00,0.00,90.00,90.00,0.00,0.00,0.00,0.00,,
0.00,-90.00,0.00,0.00,90.00,90.00,0.00,0.00,0.00,0.00,,
0.00,-90.00,0.00,0.00,90.00,90.00,0.00,0.00,0.00,0.00,,
0.00,-90.00,0.00,0.00,90.00,90.00,0.00,0.00,0.00,0.00,,
0.00,-90.00,0.00,0.00,90.00,90.00,0.00,0.00,0.00,0.00,,
0.00,-90.00,0.00,0.00,90.00,90.00,0.00,0.00,0.00,0.00,,
0.00,-90.00,0.00,0.00,90.00,90.00,0.00,0.00,0.00,0.00,,
0.00,-90.00,0.00,0.00,90.00,90.00,0.00,0.00,0.00,0.00,,
0.00,-90.00,0.00,0.00,90.00,90.00,0.00,0.00,0.00,0.00,,
0.00,-90.00,0.00,0.00,90.00,90.00,0.00,0.00,0.00,0.00,,
0.00,-90.00,0.00,0.00,90.00,90.00,0.00,0.00,0.00,0.00,,
0.00,-90.00,0.00,0.00,90.00,90.00,0.00,0.00,0.00,0.00,,
0.00,-90.00,0.00,0.00,90.00,90.00,0.00,0.00,0.00,0.00,,
0.00,-90.00,0.00,0.00,90.00,90.00,0.00,0.00,0.00,0.00,,
0.00,-90.00,0.00,0.00,90.00,90.00,0.00,0.00,0.00,0.00,,
0.00,-90.00,0.00,0.00,90.00,90.00,0.00,0.00,0.00,0.00,,
0.00,-90.00,0.00,0.00,90.00,90.00,0.00,0.00,0.00,0.00,,
0.00,-90.00,0.00,0.00,90.00,90.00,0.00,0.00,0.00,0.00,,
0.00,-90.00,0.00,0.00,90.00,90.00,0.00,0.00,0.00,0.00,,
0.00,-90.00,0.00,0.00,90.00,90.00,0.00,0.00,0.00,0.00,,
0.00,-90.00,0.00,0.00,90.00,90.00,0.00,0.00,0.00,0.00,,
0.00,-90.00,0.00,0.00,90.00,90.00,0.00,0.00,0.00,0.00,,
0.00,-90.00,0.00,0.00,90.00,90.00,0.00,0.00,0.00,0.00,,
0.00,-90.00,0.00,0.00,90.00,90.00,0.00,0.00,0.00,0.00,,
0.00,-90.00,0.00,0.00,90.00,90.00,0.00,0.00,0.00,0.00,,
0.00,-90.00,0.00,0.00,90.00,90.00,0.00,0.00,0.00,0.00,,
0.00,-90.00,0.00,0.00,90.00,90.00,0.00,0.00,0.00,0.00,,
0.00,-90.00,0.00,0.00,90.00,90.00,0.00,0.00,0.00,0.00,,
0.00,-90.00,0.00,0.00,90.00,90.00,0.00,0.00,0.00,0.00,,
0.00,-90.00,0.00,0.00,90.00,90.00,0.00,0.00,0.00,0.00,,
0.00,-90.00,0.00,0.00,90.00,90.00,0.00,0.00,0.00,0.00,,
0.00,-90.00,0.00,0.00,90.00,90.00,0.00,0.00,0.00,0.00,,
0.00,-90.00,0.00,0.00,90.00,90.00,0.00,0.00,0.00,0.00,,
0.00,-90.00,0.00,0.00,90.00,90.00,0.00,0.00,0.00,0.00,,
0.00,-90.00,0.00,0.00,90.00,90.00,0.00,0.00,0.00,0.00,,
0.00,-90.00,0.00,0.00,90.00,90.00,0.00,0.00,0.00,0.00,,
0.00,-90.00,0.00,0.00,90.00,90.00,0.00,0.00,0.00,0.00,,
0.00,-90.00,0.00,0.00,90.00,90.00,0.00,0.00,0.00,0.00,,
0.00,-90.00,0.00,0.00,90.00,90.00,0.00,0.00,0.00,0.00,,
0.00,-90.00,0.00,0.00,90.00,90.00,0.00,0.00,0.00,0.00,,
0.00,-90.00,0.00,0.00,90.00,90.00,0.00,0.00,0.00,0.00,,
0.00,-90.00,0.00,0.00,90.00,90.00,0.00,0.00,0.00,0.00,,
1.70,-90.00,0.00,0.00,88.30,90.00,0.03,0.00,0.00,0.00,,
1.70,-90.00,0.00,0.00,88.30,90.00,0.12,0.00,0.00,0.00,,
1.70,-90.00,0.00,0.00,88.30,90.00,0.20,0.00,0.00,0.00,,
1.70,-90.00,0.00,0.00,88.30,90.00,0.24,0.00,0.00,0.00,,
3.40,-90.00,0.00,0.00,86.60,90.00,0.27,0.00,0.00,0.00,,
3.40,-90.00,0.00,0.00,86.60,90.00,0.34,0.00,0.00,0.00,,
3.40,-90.00,0.00,0.00,86.60,90.00,0.40,0.00,0.00,0.00,,
5.10,-90.00,0.00,0.00,84.90,90.00,0.43,0.00,0.00,0.00,,
5.10,-90.00,0.00,0.00,84.90,90.00,0.49,0.00,0.00,0.00,,
5.10,-90.00,0.00,0.00,84.90,90.00,0.52,0.00,0.00,0.00,,
5.10,-90.00,0.00,0.00,84.90,90.00,0.50,0.00,0.00,0.00,,
6.80,-90.00,0.00,0.00,83.20,90.00,0.48,0.00,0.00,0.00,,
6.80,-90.00,0.00,0.00,83.20,90.00,0.49,0.00,0.00,0.00,,
6.80,-90.00,0.00,0.00,83.20,90.00,0.50,0.00,0.00,0.00,,
8.50,-90.00,0.00,0.00,81.50,90.00,0.50,0.00,0.00,0.00,,
8.50,-90.00,0.00,0.00,81.50,90.00,0.52,0.00,0.00,0.00,,
8.50,-90.00,0.00,0.00,81.50,90.00,0.53,0.00,0.00,0.00,,
10.20,-90.00,0.00,0.00,79.80,90.00,0.53,0.00,1.00,0.00,,
10.20,-90.00,0.00,0.00,79.80,90.00,0.55,0.00,1.00,0.00,,
10.20,-90.00,0.00,0.00,79.80,90.00,0.56,0.00,1.00,0.00,,
10.20,-90.00,0.00,0.00,79.80,90.00,0.52,0.00,1.00,0.00,,
11.90,-90.00,0.00,0.00,78.10,90.00,0.48,0.00,1.00,0.00,,
11.90,-90.00,0.00,0.00,78.10,90.00,0.49,0.00,1.00,0.00,,
11.90,-90.00,0.00,0.00,78.10,90.00,0.49,0.00,1.00,0.00,,
13.60,-90.00,0.00,0.00,76.40,90.00,0.49,0.00,1.00,0.00,,
13.60,-90.00,0.00,0.00,76.40,90.00,0.51,0.00,1.00,0.00,,
13.60,-90.00,0.00,0.00,76.40,90.00,0.52,0.00,1.00,0.00,,
13.60,-90.00,0.00,0.00,76.40,90.00,0.48,0.00,1.00,0.00,,
15.30,-90.00,0.00,0.00,74.70,90.00,0.46,0.00,1.00,0.00,,
15.30,-90.00,0.00,0.00,74.70,90.00,0.47,0.00,1.00,0.00,,
15.30,-90.00,0.00,0.00,74.70,90.00,0.48,0.00,1.00,0.00,,
17.00,-90.00,0.00,0.00,73.00,90.00,0.48,0.00,1.00,0.00,,
17.00,-90.00,0.00,0.00,73.00,90.00,0.51,0.00,1.00,0.00,,
17.00,-90.00,0.00,0.00,73.00,90.00,0.52,0.00,1.00,0.00,,
18.70,-90.00,0.00,0.00,71.30,90.00,0.52,0.00,1.00,0.00,,
18.70,-90.00,0.00,0.00,71.30,90.00,0.54,0.00,1.00,0.00,,
18.70,-90.00,0.00,0.00,71.30,90.00,0.55,0.00,1.00,0.00,,
20.40,-90.00,0.00,0.00,69.60,90.00,0.55,0.00,1.00,0.00,,
20.40,-90.00,0.00,0.00,69.60,90.00,0.57,0.00,1.00,0.00,,
20.40,-90.00,0.00,0.00,69.60,90.00,0.57,0.00,1.00,0.00,,
20.40,-90.00,0.00,0.00,69.60,90.00,0.53,0.00,1.00,0.00,,
22.10,-90.00,0.00,0.00,67.90,90.00,0.49,0.00,1.00,0.00,,
22.10,-90.00,0.00,0.00,67.90,90.00,0.49,0.00,1.00,0.00,,
22.10,-90.00,0.00,0.00,67.90,90.00,0.49,0.00,1.00,0.00,,
23.80,-90.00,0.00,0.00,66.20,90.00,0.49,0.00,1.00,0.00,,
23.80,-90.00,0.00,0.00,66.20,90.00,0.51,0.00,1.00,0.00,,
23.80,-90.00,0.00,0.00,66.20,90.00,0.52,0.00,1.00,0.00,,
25.50,-90.00,0.00,0.00,64.50,90.00,0.52,0.00,1.00,0.00,,
25.50,-90.00,0.00,0.00,64.50,90.00,0.54,0.00,1.00,0.00,,
25.50,-90.00,0.00,0.00,64.50,90.00,0.55,0.00,1.00,0.00,,
25.50,-90.00,0.00,0.00,64.50,90.00,0.51,0.00,1.00,0.00,,
27.20,-90.00,0.00,0.00,62.80,90.00,0.48,0.00,1.00,0.00,,
27.20,-90.00,0.00,0.00,62.80,90.00,0.49,0.00,1.00,0.00,,
27.20,-90.00,0.00,0.00,62.80,90.00,0.49,0.00,1.00,0.00,,
28.90,-90.00,0.00,0.00,61.10,90.00,0.48,0.00,1.00,0.00,,
28.90,-90.00,0.00,0.00,61.10,90.00,0.51,0.00,1.00,0.00,,
28.90,-90.00,0.00,0.00,61.10,90.00,0.52,0.00,1.00,0.00,,
28.90,-90.00,0.00,0.00,61.10,90.00,0.49,0.00,1.00,0.00,,
30.60,-90.00,0.00,0.00,59.40,90.00,0.46,0.00,1.00,0.00,,
30.60,-90.00,0.00,0.00,59.40,90.00,0.47,0.00,1.00,0.00,,
30.60,-90.00,0.00,0.00,59.40,90.00,0.48,0.00,1.00,0.00,,
32.30,-90.00,0.00,0.00,57.70,90.00,0.48,0.00,1.00,0.00,,
32.30,-90.00,0.00,0.00,57.70,90.00,0.51,0.00,1.00,0.00,,
32.30,-90.00,0.00,0.00,57.70,90.00,0.52,0.00,1.00,0.00,,
34.00,-90.00,0.00,0.00,56.00,90.00,0.52,0.00,1.00,0.00,,
34.00,-90.00,0.00,0.00,56.00,90.00,0.55,0.00,1.00,0.00,,
34.00,-90.00,0.00,0.00,56.00,90.00,0.55,0.00,1.00,0.00,,
34.00,-90.00,0.00,0.00,56.00,90.00,0.51,0.00,1.00,0.00,,
35.70,-90.00,0.00,0.00,54.30,90.00,0.48,0.00,1.00,0.00,,
35.70,-90.00,0.00,0.00,54.30,90.00,0.49,0.00,1.00,0.00,,
35.70,-90.00,0.00,0.00,54.30,90.00,0.49,0.00,1.00,0.00,,
37.40,-90.00,0.00,0.00,52.60,90.00,0.49,0.00,1.00,0.00,,
37.40,-90.00,0.00,0.00,52.60,90.00,0.51,0.00,1.00,0.00,,
37.40,-90.00,0.00,0.00,52.60,90.00,0.52,0.00,1.00,0.00,,
39.10,-90.00,0.00,0.00,50.90,90.00,0.52,0.00,1.00,0.00,,
39.10,-90.00,0.00,0.00,50.90,90.00,0.55,0.00,1.00,0.00,,
39.10,-90.00,0.00,0.00,50.90,90.00,0.55,0.00,1.00,0.00,,
39.10,-90.00,0.00,0.00,50.90,90.00,0.51,0.00,1.00,0.00,,
40.80,-90.00,0.00,0.00,49.20,90.00,0.48,0.00,1.00,0.00,,
40.80,-90.00,0.00,0.00,49.20,90.00,0.49,0.00,1.00,0.00,,
40.80,-90.00,0.00,0.00,49.20,90.00,0.49,0.00,1.00,0.00,,
42.50,-90.00,0.00,0.00,47.50,90.00,0.48,0.00,1.00,0.00,,
42.50,-90.00,0.00,0.00,47.50,90.00,0.51,0.00,1.00,0.00,,
42.50,-90.00,0.00,0.00,47.50,90.00,0.52,0.00,1.00,0.00,,
42.50,-90.00,0.00,0.00,47.50,90.00,0.49,0.00,1.00,0.00,,
44.20,-90.00,0.00,0.00,45.80,90.00,0.46,0.00,1.00,0.00,,
44.20,-90.00,0.00,0.00,45.80,90.00,0.47,0.00,1.00,0.00,,
44.20,-90.00,0.00,0.00,45.80,90.00,0.48,0.00,1.00,0.00,,
45.90,-90.00,0.00,0.00,44.10,90.00,0.48,0.00,1.00,0.00,,
45.90,-90.00,0.00,0.00,44.10,90.00,0.51,0.00,1.00,0.00,,
45.90,-90.00,0.00,0.00,44.10,90.00,0.52,0.00,1.00,0.00,,
47.60,-90.00,0.00,0.00,42.40,90.00,0.52,0.00,1.00,0.00,,
47.60,-90.00,0.00,0.00,42.40,90.00,0.55,0.00,1.00,0.00,,
47.60,-90.00,0.00,0.00,42.40,90.00,0.55,0.00,1.00,0.00,,
47.60,-90.00,0.00,0.00,42.40,90.00,0.51,0.00,1.00,0.00,,
47.60,-90.00,0.00,0.00,42.40,90.00,0.45,0.00,1.00,0.00,,
47.60,-90.00,0.00,0.00,42.40,90.00,0.37,0.00,1.00,0.00,,
47.60,-90.00,0.00,0.00,42.40,90.00,0.29,0.00,1.00,0.00,,
47.60,-90.00,0.00,0.00,42.40,90.00,0.22,0.00,1.00,0.00,,
47.60,-90.00,0.00,0.00,42.40,90.00,0.15,0.00,1.00,0.00,,
47.60,-90.00,0.00,0.00,42.40,90.00,0.10,0.00,1.00,0.00,,
47.60,-90.00,0.00,0.00,42.40,90.00,0.06,0.00,1.00,0.00,,
47.60,-90.00,0.00,0.00,42.40,90.00,0.02,0.00,1.00,0.00,,
47.60,-90.00,0.00,0.00,42.40,90.00,0.00,0.00,1.00,0.00,,
47.60,-90.00,0.00,0.00,42.40,90.00,0.01,0.00,1.00,0.00,,
47.60,-90.00,0.00,0.00,42.40,90.00,0.02,0.00,1.00,0.00,,
47.60,-90.00,0.00,0.00,42.40,90.00,0.02,0.00,1.00,0.00,,
47.60,-90.00,0.00,0.00,42.40,90.00,0.02,0.00,1.00,0.00,,
47.60,-90.00,0.00,0.00,42.40,90.00,0.02,0.00,1.00,0.00,,
47.60,-90.00,0.00,0.00,42.40,90.00,0.02,0.00,1.00,0.00,,
47.60,-90.00,0.00,0.00,42.40,90.00,0.02,0.00,1.00,0.00,,
47.60,-90.00,0.00,0.00,42.40,90.00,0.01,0.00,1.00,0.00,,
47.60,-90.00,0.00,0.00,42.40,90.00,0.01,0.00,1.00,0.00,,
47.60,-90.00,0.00,0.00,42.40,90.00,0.01,0.00,1.00,0.00,,
47.60,-90.00,0.00,0.00,42.40,90.00,0.00,0.00,1.00,0.00,,
47.60,-90.00,0.00,0.00,42.40,90.00,0.00,0.00,1.00,0.00,,
47.60,-90.00,0.00,0.00,42.40,90.00,0.00,0.00,1.00,0.00,,
47.60,-90.00,0.00,0.00,42.40,90.00,0.00,0.00,1.00,0.00,,
47.60,-90.00,0.00,0.00,42.40,90.00,0.00,0.00,1.00,0.00,,
47.60,-90.00,0.00,0.00,42.40,90.00,0.00,0.00,1.00,0.00,,
47.60,-90.00,0.00,0.00,42.40,90.00,0.00,0.00,1.00,0.00,,
47.60,-90.00,0.00,0.00,42.40,90.00,0.00,0.00,1.00,0.00,,
47.60,-87.70,0.00,0.00,44.70,92.30,0.05,0.05,1.00,0.00,,
47.60,-87.70,0.00,0.00,44.70,92.30,0.16,0.16,1.00,0.00,,
47.60,-87.70,0.00,0.00,44.70,92.30,0.27,0.27,1.00,0.00,,
45.90,-85.40,0.00,0.00,48.70,94.60,0.40,0.37,1.00,0.00,,
45.90,-85.40,0.00,0.00,48.70,94.60,0.61,0.49,1.00,0.00,,
45.90,-85.40,0.00,0.00,48.70,94.60,0.77,0.57,1.00,0.00,,
44.20,-83.10,0.00,0.00,48.70,94.60,0.82,0.58,1.00,0.00,,
44.20,-83.10,0.00,0.00,52.70,96.90,0.86,0.59,2.00,0.00,,
44.20,-83.10,0.00,0.00,52.70,96.90,0.98,0.63,2.00,0.00,,
44.20,-83.10,0.00,0.00,52.70,96.90,1.06,0.66,2.00,0.00,,
42.50,-80.80,0.00,0.00,56.70,99.20,1.10,0.67,2.00,0.00,,
42.50,-80.80,0.00,0.00,56.70,99.20,1.20,0.72,2.00,0.00,,
42.50,-80.80,0.00,0.00,56.70,99.20,1.25,0.73,2.00,0.00,,
40.80,-78.50,0.00,0.00,60.70,101.50,1.26,0.73,2.00,0.00,,
40.80,-78.50,0.00,0.00,60.70,101.50,1.33,0.76,2.00,0.00,,
40.80,-78.50,0.00,0.00,60.70,101.50,1.34,0.77,2.00,0.00,,
39.10,-76.20,0.00,0.00,64.70,103.80,1.33,0.76,2.00,0.00,,
39.10,-76.20,0.00,0.00,64.70,103.80,1.37,0.78,2.00,0.00,,
39.10,-76.20,0.00,0.00,64.70,103.80,1.37,0.78,2.00,0.00,,
39.10,-76.20,0.00,0.00,64.70,103.80,1.26,0.72,2.00,0.00,,
37.40,-73.90,0.00,0.00,68.70,106.10,1.16,0.66,2.00,0.00,,
37.40,-73.90,0.00,0.00,68.70,106.10,1.17,0.67,2.00,0.00,,
37.40,-73.90,0.00,0.00,68.70,106.10,1.16,0.67,2.00,0.00,,
35.70,-71.60,0.00,0.00,72.70,108.40,1.15,0.66,2.00,0.00,,
35.70,-71.60,0.00,0.00,72.70,108.40,1.20,0.69,2.00,0.00,,
35.70,-71.60,0.00,0.00,72.70,108.40,1.22,0.70,2.00,0.00,,
34.00,-69.30,0.00,0.00,76.70,110.70,1.22,0.70,2.00,0.00,,
34.00,-69.30,0.00,0.00,76.70,110.70,1.28,0.73,2.00,0.00,,
34.00,-69.30,0.00,0.00,76.70,110.70,1.29,0.74,2.00,0.00,,
34.00,-69.30,0.00,0.00,76.70,110.70,1.20,0.69,2.00,0.00,,
32.30,-67.00,0.00,0.00,80.70,113.00,1.12,0.65,2.00,0.00,,
32.30,-67.00,0.00,0.00,80.70,113.00,1.15,0.66,2.00,0.00,,
32.30,-67.00,0.00,0.00,80.70,113.00,1.15,0.66,2.00,0.00,,
30.60,-64.70,0.00,0.00,84.70,115.30,1.14,0.65,2.00,0.00,,
30.60,-64.70,0.00,0.00,84.70,115.30,1.20,0.69,2.00,0.00,,
30.60,-64.70,0.00,0.00,84.70,115.30,1.22,0.70,2.00,0.00,,
28.90,-62.40,0.00,0.00,88.70,117.60,1.22,0.70,2.00,0.00,,
28.90,-62.40,0.00,0.00,88.70,117.60,1.28,0.74,2.00,0.00,,
28.90,-62.40,0.00,0.00,88.70,117.60,1.30,0.75,2.00,0.00,,
28.90,-62.40,0.00,0.00,88.70,117.60,1.20,0.69,2.00,0.00,,
27.20,-60.10,0.00,0.00,92.70,119.90,1.13,0.65,2.00,0.00,,
27.20,-60.10,0.00,0.00,92.70,119.90,1.15,0.66,2.00,0.00,,
27.20,-60.10,0.00,0.00,92.70,119.90,1.15,0.66,2.00,0.00,,
25.50,-57.80,0.00,0.00,96.70,122.20,1.14,0.66,2.00,0.00,,
25.50,-57.80,0.00,0.00,96.70,122.20,1.20,0.69,2.00,0.00,,
25.50,-57.80,0.00,0.00,96.70,122.20,1.23,0.70,2.00,0.00,,
23.80,-55.50,0.00,0.00,100.70,124.50,1.22,0.70,2.00,0.00,,
23.80,-55.50,0.00,0.00,100.70,124.50,1.28,0.74,2.00,0.00,,
23.80,-55.50,0.00,0.00,100.70,124.50,1.30,0.75,2.00,0.00,,
23.80,-55.50,0.00,0.00,100.70,124.50,1.20,0.69,2.00,0.00,,
22.10,-53.20,0.00,0.00,104.70,126.80,1.13,0.65,2.00,0.00,,
22.10,-53.20,0.00,0.00,104.70,126.80,1.15,0.66,2.00,0.00,,
22.10,-53.20,0.00,0.00,104.70,126.80,1.15,0.66,2.00,0.00,,
20.40,-50.90,0.00,0.00,108.70,129.10,1.14,0.66,2.00,0.00,,
20.40,-50.90,0.00,0.00,108.70,129.10,1.20,0.69,2.00,0.00,,
20.40,-50.90,0.00,0.00,108.70,129.10,1.22,0.70,2.00,0.00,,
18.70,-48.60,0.00,0.00,108.70,129.10,1.14,0.66,2.00,0.00,,
18.70,-48.60,0.00,0.00,112.70,131.40,1.08,0.62,2.00,0.00,,
18.70,-48.60,0.00,0.00,112.70,131.40,1.11,0.64,2.00,0.00,,
18.70,-48.60,0.00,0.00,112.70,131.40,1.12,0.65,2.00,0.00,,
17.00,-46.30,0.00,0.00,116.70,133.70,1.12,0.64,2.00,0.00,,
17.00,-46.30,0.00,0.00,116.70,133.70,1.19,0.68,2.00,0.00,,
17.00,-46.30,0.00,0.00,116.70,133.70,1.22,0.70,2.00,0.00,,
15.30,-44.00,0.00,0.00,120.70,136.00,1.22,0.70,2.00,0.00,,
15.30,-44.00,0.00,0.00,120.70,136.00,1.28,0.74,2.00,0.00,,
15.30,-44.00,0.00,0.00,120.70,136.00,1.30,0.75,2.00,0.00,,
15.30,-44.00,0.00,0.00,120.70,136.00,1.21,0.69,2.00,0.00,,
13.60,-41.70,0.00,0.00,124.70,138.30,1.13,0.65,2.00,0.00,,
13.60,-41.70,0.00,0.00,124.70,138.30,1.15,0.66,2.00,0.00,,
13.60,-41.70,0.00,0.00,124.70,138.30,1.15,0.66,2.00,0.00,,
11.90,-39.40,0.00,0.00,128.70,140.60,1.14,0.66,2.00,0.00,,
11.90,-39.40,0.00,0.00,128.70,140.60,1.20,0.69,2.00,0.00,,
11.90,-39.40,0.00,0.00,128.70,140.60,1.23,0.71,2.00,0.00,,
11.90,-39.40,0.00,0.00,128.70,140.60,1.14,0.66,2.00,0.00,,
10.20,-37.10,0.00,0.00,132.70,142.90,1.08,0.62,2.00,0.00,,
10.20,-37.10,0.00,0.00,132.70,142.90,1.11,0.64,2.00,0.00,,
10.20,-37.10,0.00,0.00,132.70,142.90,1.12,0.65,2.00,0.00,,
8.50,-34.80,0.00,0.00,136.70,145.20,1.12,0.64,2.00,0.00,,
8.50,-34.80,0.00,0.00,136.70,145.20,1.19,0.68,2.00,0.00,,
8.50,-34.80,0.00,0.00,136.70,145.20,1.22,0.70,2.00,0.00,,
6.80,-32.50,0.00,0.00,140.70,147.50,1.22,0.70,2.00,0.00,,
6.80,-32.50,0.00,0.00,140.70,147.50,1.28,0.74,2.00,0.00,,
6.80,-32.50,0.00,0.00,140.70,147.50,1.30,0.75,2.00,0.00,,
6.80,-32.50,0.00,0.00,140.70,147.50,1.21,0.69,2.00,0.00,,
5.10,-30.20,0.00,0.00,144.70,149.80,1.13,0.65,2.00,0.00,,
5.10,-30.20,0.00,0.00,144.70,149.80,1.15,0.66,2.00,0.00,,
5.10,-30.20,0.00,0.00,144.70,149.80,1.15,0.66,2.00,0.00,,
3.40,-27.90,0.00,0.00,148.70,152.10,1.14,0.66,2.00,0.00,,
3.40,-27.90,0.00,0.00,148.70,152.10,1.20,0.69,2.00,0.00,,
3.40,-27.90,0.00,0.00,148.70,152.10,1.23,0.71,2.00,0.00,,
1.70,-25.60,0.00,0.00,152.70,154.40,1.22,0.70,2.00,0.00,,
1.70,-25.60,0.00,0.00,152.70,154.40,1.28,0.74,2.00,0.00,,
1.70,-25.60,0.00,0.00,152.70,154.40,1.30,0.75,2.00,0.00,,
1.70,-25.60,0.00,0.00,152.70,154.40,1.20,0.69,2.00,0.00,,
-0.00,-23.30,0.00,0.00,156.70,156.70,1.13,0.65,2.00,0.00,,
-0.00,-23.30,0.00,0.00,156.70,156.70,1.15,0.66,2.00,0.00,,
-0.00,-23.30,0.00,0.00,156.70,156.70,1.15,0.66,2.00,0.00,,
-1.70,-21.00,0.00,0.00,160.70,159.00,1.14,0.66,2.00,0.00,,
-1.70,-21.00,0.00,0.00,160.70,159.00,1.20,0.69,2.00,0.00,,
-1.70,-21.00,0.00,0.00,160.70,159.00,1.22,0.70,2.00,0.00,,
-3.40,-18.70,0.00,0.00,164.70,161.30,1.22,0.70,2.00,0.00,,
-3.40,-18.70,0.00,0.00,164.70,161.30,1.28,0.74,2.00,0.00,,
-3.40,-18.70,0.00,0.00,164.70,161.30,1.30,0.75,2.00,0.00,,
-3.40,-18.70,0.00,0.00,164.70,161.30,1.20,0.69,2.00,0.00,,
-5.10,-16.40,0.00,0.00,168.70,163.60,1.13,0.65,2.00,0.00,,
-5.10,-16.40,0.00,0.00,168.70,163.60,1.15,0.66,2.00,0.00,,
-5.10,-16.40,0.00,0.00,168.70,163.60,1.15,0.66,2.00,0.00,,
-6.80,-14.10,0.00,0.00,172.70,165.90,1.14,0.66,3.00,0.00,,
-6.80,-14.10,0.00,0.00,172.70,165.90,1.20,0.69,3.00,0.00,,
-6.80,-14.10,0.00,0.00,172.70,165.90,1.22,0.70,3.00,0.00,,
-6.80,-14.10,0.00,0.00,172.70,165.90,1.14,0.66,3.00,0.00,,
-6.80,-14.10,0.00,0.00,172.70,165.90,1.00,0.57,3.00,0.00,,
-6.80,-14.10,0.00,0.00,172.70,165.90,0.82,0.47,3.00,0.00,,
-6.80,-14.10,0.00,0.00,172.70,165.90,0.65,0.37,3.00,0.00,,
-6.80,-14.10,0.00,0.00,172.70,165.90,0.48,0.28,3.00,0.00,,
-6.80,-14.10,0.00,0.00,172.70,165.90,0.34,0.20,3.00,0.00,,
-6.80,-14.10,0.00,0.00,172.70,165.90,0.22,0.13,3.00,0.00,,
-6.80,-14.10,0.00,0.00,172.70,165.90,0.13,0.07,3.00,0.00,,
-6.80,-14.10,0.00,0.00,172.70,165.90,0.06,0.03,3.00,0.00,,
-6.80,-14.10,0.00,0.00,172.70,165.90,0.01,0.00,3.00,0.00,,
-6.80,-14.10,0.00,0.00,172.70,165.90,0.02,0.01,3.00,0.00,,
-6.80,-14.10,0.00,0.00,172.70,165.90,0.04,0.02,3.00,0.00,,
-6.80,-14.10,0.00,0.00,172.70,165.90,0.05,0.03,3.00,0.00,,
-6.80,-14.10,0.00,0.00,172.70,165.90,0.05,0.03,3.00,0.00,,
-6.80,-14.10,0.00,0.00,172.70,165.90,0.05,0.03,3.00,0.00,,
-6.80,-14.10,0.00,0.00,172.70,165.90,0.04,0.02,3.00,0.00,,
-6.80,-14.10,0.00,0.00,172.70,165.90,0.04,0.02,3.00,0.00,,
-6.80,-14.10,0.00,0.00,172.70,165.90,0.03,0.02,3.00,0.00,,
-6.80,-14.10,0.00,0.00,172.70,165.90,0.02,0.01,3.00,0.00,,
-6.80,-14.10,0.00,0.00,172.70,165.90,0.01,0.01,3.00,0.00,,
-6.80,-14.10,0.00,0.00,172.70,165.90,0.01,0.01,3.00,0.00,,
-5.10,-16.40,0.00,0.00,168.70,163.60,0.09,0.05,4.00,0.00,,
-5.10,-16.40,0.00,0.00,168.70,163.60,0.29,0.17,4.00,0.00,,
-5.10,-16.40,0.00,0.00,168.70,163.60,0.47,0.27,4.00,0.00,,
-3.40,-18.70,0.00,0.00,164.70,161.30,0.63,0.37,4.00,0.00,,
-3.40,-18.70,0.00,0.00,164.70,161.30,0.85,0.49,4.00,0.00,,
-3.40,-18.70,0.00,0.00,164.70,161.30,0.99,0.57,4.00,0.00,,
-1.70,-21.00,0.00,0.00,160.70,159.00,1.09,0.63,4.00,0.00,,
-1.70,-21.00,0.00,0.00,160.70,159.00,1.22,0.70,4.00,0.00,,
-1.70,-21.00,0.00,0.00,160.70,159.00,1.29,0.74,4.00,0.00,,
-1.70,-21.00,0.00,0.00,160.70,159.00,1.23,0.71,4.00,0.00,,
-0.00,-23.30,0.00,0.00,156.70,156.70,1.17,0.67,4.00,0.00,,
-0.00,-23.30,0.00,0.00,156.70,156.70,1.20,0.69,4.00,0.00,,
-0.00,-23.30,0.00,0.00,156.70,156.70,1.21,0.69,4.00,0.00,,
1.70,-25.60,0.00,0.00,152.70,154.40,1.19,0.68,4.00,0.00,,
1.70,-25.60,0.00,0.00,152.70,154.40,1.25,0.72,4.00,0.00,,
1.70,-25.60,0.00,0.00,152.70,154.40,1.26,0.73,4.00,0.00,,
3.40,-27.90,0.00,0.00,148.70,152.10,1.25,0.72,4.00,0.00,,
3.40,-27.90,0.00,0.00,148.70,152.10,1.30,0.75,4.00,0.00,,
3.40,-27.90,0.00,0.00,148.70,152.10,1.31,0.76,4.00,0.00,,
3.40,-27.90,0.00,0.00,148.70,152.10,1.21,0.70,4.00,0.00,,
5.10,-30.20,0.00,0.00,144.70,149.80,1.13,0.65,4.00,0.00,,
5.10,-30.20,0.00,0.00,144.70,149.80,1.15,0.66,4.00,0.00,,
5.10,-30.20,0.00,0.00,144.70,149.80,1.15,0.66,4.00,0.00,,
6.80,-32.50,0.00,0.00,140.70,147.50,1.14,0.65,4.00,0.00,,
6.80,-32.50,0.00,0.00,140.70,147.50,1.20,0.69,4.00,0.00,,
6.80,-32.50,0.00,0.00,140.70,147.50,1.22,0.70,4.00,0.00,,
6.80,-32.50,0.00,0.00,140.70,147.50,1.14,0.66,4.00,0.00,,
8.50,-34.80,0.00,0.00,136.70,145.20,1.07,0.62,4.00,0.00,,
8.50,-34.80,0.00,0.00,136.70,145.20,1.11,0.64,4.00,0.00,,
8.50,-34.80,0.00,0.00,136.70,145.20,1.12,0.64,4.00,0.00,,
10.20,-37.10,0.00,0.00,132.70,142.90,1.12,0.64,4.00,0.00,,
10.20,-37.10,0.00,0.00,132.70,142.90,1.19,0.68,4.00,0.00,,
10.20,-37.10,0.00,0.00,132.70,142.90,1.22,0.70,4.00,0.00,,
11.90,-39.40,0.00,0.00,128.70,140.60,1.22,0.70,4.00,0.00,,
11.90,-39.40,0.00,0.00,128.70,140.60,1.28,0.74,4.00,0.00,,
11.90,-39.40,0.00,0.00,128.70,140.60,1.30,0.75,4.00,0.00,,
13.60,-41.70,0.00,0.00,127.00,140.60,1.24,0.69,4.00,0.00,,
13.60,-41.70,0.00,0.00,124.70,138.30,1.22,0.65,4.00,0.00,,
13.60,-41.70,0.00,0.00,124.70,138.30,1.23,0.66,4.00,0.00,,
13.60,-41.70,0.00,0.00,124.70,138.30,1.19,0.66,4.00,0.00,,
15.30,-44.00,0.00,0.00,120.70,136.00,1.15,0.66,4.00,0.00,,
15.30,-44.00,0.00,0.00,120.70,136.00,1.19,0.69,4.00,0.00,,
15.30,-44.00,0.00,0.00,120.70,136.00,1.20,0.71,4.00,0.00,,
17.00,-46.30,0.00,0.00,116.70,133.70,1.19,0.70,4.00,0.00,,
17.00,-46.30,0.00,0.00,116.70,133.70,1.25,0.74,4.00,0.00,,
17.00,-46.30,0.00,0.00,116.70,133.70,1.27,0.75,4.00,0.00,,
17.00,-46.30,0.00,0.00,116.70,133.70,1.18,0.69,4.00,0.00,,
18.70,-48.60,0.00,0.00,112.70,131.40,1.10,0.65,4.00,0.00,,
18.70,-48.60,0.00,0.00,112.70,131.40,1.13,0.66,4.00,0.00,,
18.70,-48.60,0.00,0.00,112.70,131.40,1.14,0.66,4.00,0.00,,
20.40,-50.90,0.00,0.00,108.70,129.10,1.13,0.66,4.00,0.00,,
20.40,-50.90,0.00,0.00,108.70,129.10,1.20,0.69,4.00,0.00,,
20.40,-50.90,0.00,0.00,108.70,129.10,1.22,0.70,4.00,0.00,,
22.10,-53.20,0.00,0.00,104.70,126.80,1.22,0.70,4.00,0.00,,
22.10,-53.20,0.00,0.00,104.70,126.80,1.28,0.74,4.00,0.00,,
22.10,-53.20,0.00,0.00,104.70,126.80,1.30,0.75,4.00,0.00,,
22.10,-53.20,0.00,0.00,104.70,126.80,1.21,0.69,4.00,0.00,,
23.80,-55.50,0.00,0.00,100.70,124.50,1.13,0.65,4.00,0.00,,
23.80,-55.50,0.00,0.00,100.70,124.50,1.15,0.66,4.00,0.00,,
23.80,-55.50,0.00,0.00,100.70,124.50,1.15,0.66,4.00,0.00,,
25.50,-57.80,0.00,0.00,96.70,122.20,1.14,0.66,4.00,0.00,,
25.50,-57.80,0.00,0.00,96.70,122.20,1.20,0.69,4.00,0.00,,
25.50,-57.80,0.00,0.00,96.70,122.20,1.23,0.70,4.00,0.00,,
27.20,-60.10,0.00,0.00,96.70,122.20,1.14,0.66,4.00,0.00,,
27.20,-60.10,0.00,0.00,92.70,119.90,1.08,0.62,4.00,0.00,,
27.20,-60.10,0.00,0.00,92.70,119.90,1.11,0.64,4.00,0.00,,
27.20,-60.10,0.00,0.00,92.70,119.90,1.12,0.65,4.00,0.00,,
28.90,-62.40,0.00,0.00,88.70,117.60,1.12,0.64,4.00,0.00,,
28.90,-62.40,0.00,0.00,88.70,117.60,1.19,0.68,4.00,0.00,,
28.90,-62.40,0.00,0.00,88.70,117.60,1.22,0.70,4.00,0.00,,
30.60,-64.70,0.00,0.00,84.70,115.30,1.22,0.70,4.00,0.00,,
30.60,-64.70,0.00,0.00,84.70,115.30,1.28,0.74,4.00,0.00,,
30.60,-64.70,0.00,0.00,84.70,115.30,1.30,0.75,4.00,0.00,,
32.30,-67.00,0.00,0.00,80.70,113.00,1.29,0.74,4.00,0.00,,
32.30,-67.00,0.00,0.00,80.70,113.00,1.34,0.77,4.00,0.00,,
32.30,-67.00,0.00,0.00,80.70,113.00,1.34,0.77,4.00,0.00,,
32.30,-67.00,0.00,0.00,80.70,113.00,1.24,0.71,4.00,0.00,,
34.00,-69.30,0.00,0.00,76.70,110.70,1.15,0.66,4.00,0.00,,
34.00,-69.30,0.00,0.00,76.70,110.70,1.16,0.67,4.00,0.00,,
34.00,-69.30,0.00,0.00,76.70,110.70,1.16,0.67,4.00,0.00,,
35.70,-71.60,0.00,0.00,72.70,108.40,1.14,0.66,4.00,0.00,,
35.70,-71.60,0.00,0.00,72.70,108.40,1.20,0.69,4.00,0.00,,
35.70,-71.60,0.00,0.00,72.70,108.40,1.22,0.70,4.00,0.00,,
37.40,-73.90,0.00,0.00,68.70,106.10,1.22,0.70,4.00,0.00,,
37.40,-73.90,0.00,0.00,68.70,106.10,1.28,0.74,4.00,0.00,,
37.40,-73.90,0.00,0.00,68.70,106.10,1.29,0.74,4.00,0.00,,
37.40,-73.90,0.00,0.00,68.70,106.10,1.20,0.69,4.00,0.00,,
39.10,-76.20,0.00,0.00,64.70,103.80,1.13,0.65,4.00,0.00,,
39.10,-76.20,0.00,0.00,64.70,103.80,1.15,0.66,4.00,0.00,,
39.10,-76.20,0.00,0.00,64.70,103.80,1.15,0.66,4.00,0.00,,
40.80,-78.50,0.00,0.00,60.70,101.50,1.14,0.65,4.00,0.00,,
40.80,-78.50,0.00,0.00,60.70,101.50,1.20,0.69,4.00,0.00,,
40.80,-78.50,0.00,0.00,60.70,101.50,1.22,0.70,4.00,0.00,,
42.50,-78.50,0.00,0.00,60.70,101.50,1.14,0.66,4.00,0.00,,
42.50,-80.80,0.00,0.00,56.70,99.20,1.08,0.62,4.00,0.00,,
42.50,-80.80,0.00,0.00,56.70,99.20,1.11,0.64,4.00,0.00,,
42.50,-80.80,0.00,0.00,56.70,99.20,1.12,0.65,4.00,0.00,,
44.20,-83.10,0.00,0.00,52.70,96.90,1.12,0.64,4.00,0.00,,
44.20,-83.10,0.00,0.00,52.70,96.90,1.19,0.68,4.00,0.00,,
44.20,-83.10,0.00,0.00,52.70,96.90,1.22,0.70,4.00,0.00,,
45.90,-85.40,0.00,0.00,48.70,94.60,1.22,0.70,5.00,0.00,,
45.90,-85.40,0.00,0.00,48.70,94.60,1.28,0.74,5.00,0.00,,
45.90,-85.40,0.00,0.00,48.70,94.60,1.30,0.75,5.00,0.00,,
45.90,-85.40,0.00,0.00,48.70,94.60,1.21,0.69,5.00,0.00,,
47.60,-87.70,0.00,0.00,44.70,92.30,1.13,0.65,5.00,0.00,,
47.60,-87.70,0.00,0.00,44.70,92.30,1.15,0.66,5.00,0.00,,
47.60,-87.70,0.00,0.00,44.70,92.30,1.15,0.66,5.00,0.00,,
49.30,-90.00,0.00,0.00,40.70,90.00,1.14,0.66,5.00,0.00,,
49.30,-90.00,0.00,0.00,40.70,90.00,1.20,0.69,5.00,0.00,,
49.30,-90.00,0.00,0.00,40.70,90.00,1.23,0.71,5.00,0.00,,
51.00,-90.00,0.00,0.00,39.00,90.00,1.18,0.66,5.00,0.00,,
51.00,-90.00,0.00,0.00,39.00,90.00,1.12,0.57,5.00,0.00,,
51.00,-90.00,0.00,0.00,39.00,90.00,1.03,0.47,5.00,0.00,,
51.00,-90.00,0.00,0.00,39.00,90.00,0.88,0.37,5.00,0.00,,
52.70,-90.00,0.00,0.00,37.30,90.00,0.76,0.28,5.00,0.00,,
52.70,-90.00,0.00,0.00,37.30,90.00,0.68,0.20,5.00,0.00,,
52.70,-90.00,0.00,0.00,37.30,90.00,0.62,0.13,5.00,0.00,,
52.70,-90.00,0.00,0.00,37.30,90.00,0.52,0.07,5.00,0.00,,
52.70,-90.00,0.00,0.00,37.30,90.00,0.42,0.03,5.00,0.00,,
52.70,-90.00,0.00,0.00,37.30,90.00,0.32,0.00,5.00,0.00,,
51.00,-90.00,0.00,0.00,39.00,90.00,0.20,0.01,5.00,0.00,,
51.00,-90.00,0.00,0.00,39.00,90.00,0.04,0.02,5.00,0.00,,
51.00,-90.00,0.00,0.00,39.00,90.00,0.10,0.03,5.00,0.00,,
51.00,-90.00,0.00,0.00,39.00,90.00,0.18,0.03,5.00,0.00,,
49.30,-90.00,0.00,0.00,40.70,90.00,0.26,0.03,5.00,0.00,,
49.30,-90.00,0.00,0.00,40.70,90.00,0.35,0.02,5.00,0.00,,
49.30,-90.00,0.00,0.00,40.70,90.00,0.41,0.02,5.00,0.00,,
47.60,-90.00,0.00,0.00,42.40,90.00,0.46,0.02,5.00,0.00,,
47.60,-90.00,0.00,0.00,42.40,90.00,0.52,0.01,5.00,0.00,,
47.60,-90.00,0.00,0.00,42.40,90.00,0.55,0.01,5.00,0.00,,
45.90,-90.00,0.00,0.00,44.10,90.00,0.56,0.01,5.00,0.00,,
45.90,-90.00,0.00,0.00,44.10,90.00,0.59,0.00,5.00,0.00,,
45.90,-90.00,0.00,0.00,44.10,90.00,0.59,0.00,5.00,0.00,,
45.90,-90.00,0.00,0.00,44.10,90.00,0.55,0.00,5.00,0.00,,
44.20,-90.00,0.00,0.00,45.80,90.00,0.51,0.00,5.00,0.00,,
44.20,-90.00,0.00,0.00,45.80,90.00,0.51,0.00,5.00,0.00,,
44.20,-90.00,0.00,0.00,45.80,90.00,0.51,0.00,5.00,0.00,,
42.50,-90.00,0.00,0.00,47.50,90.00,0.50,0.00,5.00,0.00,,
42.50,-90.00,0.00,0.00,47.50,90.00,0.52,0.00,5.00,0.00,,
42.50,-90.00,0.00,0.00,47.50,90.00,0.53,0.00,5.00,0.00,,
40.80,-90.00,0.00,0.00,49.20,90.00,0.52,0.00,5.00,0.00,,
40.80,-90.00,0.00,0.00,49.20,90.00,0.55,0.00,5.00,0.00,,
40.80,-90.00,0.00,0.00,49.20,90.00,0.55,0.00,5.00,0.00,,
40.80,-90.00,0.00,0.00,49.20,90.00,0.51,0.00,5.00,0.00,,
39.10,-90.00,0.00,0.00,50.90,90.00,0.48,0.00,5.00,0.00,,
39.10,-90.00,0.00,0.00,50.90,90.00,0.49,0.00,5.00,0.00,,
39.10,-90.00,0.00,0.00,50.90,90.00,0.49,0.00,5.00,0.00,,
37.40,-90.00,0.00,0.00,52.60,90.00,0.48,0.00,5.00,0.00,,
37.40,-90.00,0.00,0.00,52.60,90.00,0.51,0.00,5.00,0.00,,
37.40,-90.00,0.00,0.00,52.60,90.00,0.52,0.00,5.00,0.00,,
35.70,-90.00,0.00,0.00,54.30,90.00,0.52,0.00,5.00,0.00,,
35.70,-90.00,0.00,0.00,54.30,90.00,0.54,0.00,5.00,0.00,,
35.70,-90.00,0.00,0.00,54.30,90.00,0.55,0.00,5.00,0.00,,
35.70,-90.00,0.00,0.00,54.30,90.00,0.51,0.00,5.00,0.00,,
34.00,-90.00,0.00,0.00,56.00,90.00,0.48,0.00,5.00,0.00,,
34.00,-90.00,0.00,0.00,56.00,90.00,0.49,0.00,5.00,0.00,,
34.00,-90.00,0.00,0.00,56.00,90.00,0.49,0.00,5.00,0.00,,
32.30,-90.00,0.00,0.00,57.70,90.00,0.48,0.00,5.00,0.00,,
32.30,-90.00,0.00,0.00,57.70,90.00,0.51,0.00,5.00,0.00,,
32.30,-90.00,0.00,0.00,57.70,90.00,0.52,0.00,5.00,0.00,,
30.60,-90.00,0.00,0.00,59.40,90.00,0.52,0.00,5.00,0.00,,
30.60,-90.00,0.00,0.00,59.40,90.00,0.55,0.00,5.00,0.00,,
30.60,-90.00,0.00,0.00,59.40,90.00,0.55,0.00,5.00,0.00,,
30.60,-90.00,0.00,0.00,59.40,90.00,0.51,0.00,5.00,0.00,,
28.90,-90.00,0.00,0.00,61.10,90.00,0.48,0.00,5.00,0.00,,
28.90,-90.00,0.00,0.00,61.10,90.00,0.49,0.00,5.00,0.00,,
28.90,-90.00,0.00,0.00,61.10,90.00,0.49,0.00,5.00,0.00,,
27.20,-90.00,0.00,0.00,62.80,90.00,0.48,0.00,5.00,0.00,,
27.20,-90.00,0.00,0.00,62.80,90.00,0.51,0.00,5.00,0.00,,
27.20,-90.00,0.00,0.00,62.80,90.00,0.52,0.00,5.00,0.00,,
25.50,-90.00,0.00,0.00,64.50,90.00,0.52,0.00,5.00,0.00,,
25.50,-90.00,0.00,0.00,64.50,90.00,0.54,0.00,5.00,0.00,,
25.50,-90.00,0.00,0.00,64.50,90.00,0.55,0.00,5.00,0.00,,
25.50,-90.00,0.00,0.00,64.50,90.00,0.51,0.00,5.00,0.00,,
23.80,-90.00,0.00,0.00,66.20,90.00,0.48,0.00,5.00,0.00,,
23.80,-90.00,0.00,0.00,66.20,90.00,0.49,0.00,5.00,0.00,,
23.80,-90.00,0.00,0.00,66.20,90.00,0.49,0.00,5.00,0.00,,
22.10,-90.00,0.00,0.00,67.90,90.00,0.48,0.00,5.00,0.00,,
22.10,-90.00,0.00,0.00,67.90,90.00,0.51,0.00,5.00,0.00,,
22.10,-90.00,0.00,0.00,67.90,90.00,0.52,0.00,5.00,0.00,,
20.40,-90.00,0.00,0.00,69.60,90.00,0.52,0.00,5.00,0.00,,
20.40,-90.00,0.00,0.00,69.60,90.00,0.54,0.00,5.00,0.00,,
20.40,-90.00,0.00,0.00,69.60,90.00,0.55,0.00,5.00,0.00,,
20.40,-90.00,0.00,0.00,69.60,90.00,0.51,0.00,5.00,0.00,,
18.70,-90.00,0.00,0.00,71.30,90.00,0.48,0.00,5.00,0.00,,
18.70,-90.00,0.00,0.00,71.30,90.00,0.49,0.00,5.00,0.00,,
18.70,-90.00,0.00,0.00,71.30,90.00,0.49,0.00,5.00,0.00,,
17.00,-90.00,0.00,0.00,73.00,90.00,0.48,0.00,5.00,0.00,,
17.00,-90.00,0.00,0.00,73.00,90.00,0.51,0.00,5.00,0.00,,
17.00,-90.00,0.00,0.00,73.00,90.00,0.52,0.00,5.00,0.00,,
15.30,-90.00,0.00,0.00,74.70,90.00,0.52,0.00,5.00,0.00,,
15.30,-90.00,0.00,0.00,74.70,90.00,0.54,0.00,5.00,0.00,,
15.30,-90.00,0.00,0.00,74.70,90.00,0.55,0.00,5.00,0.00,,
15.30,-90.00,0.00,0.00,74.70,90.00,0.51,0.00,5.00,0.00,,
13.60,-90.00,0.00,0.00,76.40,90.00,0.48,0.00,5.00,0.00,,
13.60,-90.00,0.00,0.00,76.40,90.00,0.49,0.00,5.00,0.00,,
13.60,-90.00,0.00,0.00,76.40,90.00,0.49,0.00,5.00,0.00,,
11.90,-90.00,0.00,0.00,78.10,90.00,0.48,0.00,5.00,0.00,,
11.90,-90.00,0.00,0.00,78.10,90.00,0.51,0.00,5.00,0.00,,
11.90,-90.00,0.00,0.00,78.10,90.00,0.52,0.00,5.00,0.00,,
10.20,-90.00,0.00,0.00,79.80,90.00,0.52,0.00,5.00,0.00,,
10.20,-90.00,0.00,0.00,79.80,90.00,0.54,0.00,5.00,0.00,,
10.20,-90.00,0.00,0.00,79.80,90.00,0.55,0.00,5.00,0.00,,
10.20,-90.00,0.00,0.00,79.80,90.00,0.51,0.00,5.00,0.00,,
8.50,-90.00,0.00,0.00,81.50,90.00,0.48,0.00,0.00,0.00,,
8.50,-90.00,0.00,0.00,81.50,90.00,0.49,0.00,0.00,0.00,,
8.50,-90.00,0.00,0.00,81.50,90.00,0.49,0.00,0.00,0.00,,
6.80,-90.00,0.00,0.00,83.20,90.00,0.48,0.00,0.00,0.00,,
6.80,-90.00,0.00,0.00,83.20,90.00,0.51,0.00,0.00,0.00,,
6.80,-90.00,0.00,0.00,83.20,90.00,0.52,0.00,0.00,0.00,,
6.80,-90.00,0.00,0.00,83.20,90.00,0.49,0.00,0.00,0.00,,
5.10,-90.00,0.00,0.00,84.90,90.00,0.46,0.00,0.00,0.00,,
5.10,-90.00,0.00,0.00,84.90,90.00,0.47,0.00,0.00,0.00,,
5.10,-90.00,0.00,0.00,84.90,90.00,0.48,0.00,0.00,0.00,,
3.40,-90.00,0.00,0.00,86.60,90.00,0.48,0.00,0.00,0.00,,
3.40,-90.00,0.00,0.00,86.60,90.00,0.51,0.00,0.00,0.00,,
3.40,-90.00,0.00,0.00,86.60,90.00,0.52,0.00,0.00,0.00,,
1.70,-90.00,0.00,0.00,88.30,90.00,0.52,0.00,0.00,0.00,,
1.70,-90.00,0.00,0.00,88.30,90.00,0.55,0.00,0.00,0.00,,
1.70,-90.00,0.00,0.00,88.30,90.00,0.55,0.00,0.00,0.00,,
-0.00,-90.00,0.00,0.00,90.00,90.00,0.55,0.00,0.00,0.00,,
-0.00,-90.00,0.00,0.00,90.00,90.00,0.57,0.00,0.00,0.00,,
-0.00,-90.00,0.00,0.00,90.00,90.00,0.57,0.00,0.00,0.00,,
-0.00,-90.00,0.00,0.00,90.00,90.00,0.53,0.00,0.00,0.00,,
-0.00,-90.00,0.00,0.00,90.00,90.00,0.45,0.00,0.00,0.00,,
-0.00,-90.00,0.00,0.00,90.00,90.00,0.37,0.00,0.00,0.00,,
-0.00,-90.00,0.00,0.00,90.00,90.00,0.29,0.00,0.00,0.00,,
-0.00,-90.00,0.00,0.00,90.00,90.00,0.22,0.00,0.00,0.00,,
-0.00,-90.00,0.00,0.00,90.00,90.00,0.15,0.00,0.00,0.00,,
-0.00,-90.00,0.00,0.00,90.00,90.00,0.10,0.00,0.00,0.00,,
-0.00,-90.00,0.00,0.00,90.00,90.00,0.05,0.00,0.00,0.00,,
1.70,-90.00,0.00,0.00,88.30,90.00,0.01,0.00,0.00,0.00,,
1.70,-90.00,0.00,0.00,88.30,90.00,0.12,0.00,0.00,0.00,,
1.70,-90.00,0.00,0.00,88.30,90.00,0.21,0.00,0.00,0.00,,
3.40,-90.00,0.00,0.00,86.60,90.00,0.29,0.00,0.00,0.00,,
3.40,-90.00,0.00,0.00,86.60,90.00,0.39,0.00,0.00,0.00,,
3.40,-90.00,0.00,0.00,86.60,90.00,0.45,0.00,0.00,0.00,,
5.10,-90.00,0.00,0.00,84.90,90.00,0.49,0.00,0.00,0.00,,
5.10,-90.00,0.00,0.00,84.90,90.00,0.54,0.00,0.00,0.00,,
5.10,-90.00,0.00,0.00,84.90,90.00,0.57,0.00,0.00,0.00,,
5.10,-90.00,0.00,0.00,84.90,90.00,0.54,0.00,0.00,0.00,,
6.80,-90.00,0.00,0.00,83.20,90.00,0.51,0.00,0.00,0.00,,
6.80,-90.00,0.00,0.00,83.20,90.00,0.52,0.00,0.00,0.00,,
6.80,-90.00,0.00,0.00,83.20,90.00,0.52,0.00,0.00,0.00,,
8.50,-90.00,0.00,0.00,81.50,90.00,0.51,0.00,0.00,0.00,,
8.50,-90.00,0.00,0.00,81.50,90.00,0.53,0.00,0.00,0.00,,
8.50,-90.00,0.00,0.00,81.50,90.00,0.54,0.00,0.00,0.00,,
10.20,-90.00,0.00,0.00,79.80,90.00,0.53,0.00,1.00,0.00,,
10.20,-90.00,0.00,0.00,79.80,90.00,0.55,0.00,1.00,0.00,,
10.20,-90.00,0.00,0.00,79.80,90.00,0.56,0.00,1.00,0.00,,
10.20,-90.00,0.00,0.00,79.80,90.00,0.51,0.00,1.00,0.00,,
11.90,-90.00,0.00,0.00,78.10,90.00,0.48,0.00,1.00,0.00,,
11.90,-90.00,0.00,0.00,78.10,90.00,0.49,0.00,1.00,0.00,,
11.90,-90.00,0.00,0.00,78.10,90.00,0.49,0.00,1.00,0.00,,
13.60,-90.00,0.00,0.00,76.40,90.00,0.48,0.00,1.00,0.00,,
13.60,-90.00,0.00,0.00,76.40,90.00,0.51,0.00,1.00,0.00,,
13.60,-90.00,0.00,0.00,76.40,90.00,0.52,0.00,1.00,0.00,,
13.60,-90.00,0.00,0.00,76.40,90.00,0.48,0.00,1.00,0.00,,
15.30,-90.00,0.00,0.00,74.70,90.00,0.46,0.00,1.00,0.00,,
15.30,-90.00,0.00,0.00,74.70,90.00,0.47,0.00,1.00,0.00,,
15.30,-90.00,0.00,0.00,74.70,90.00,0.48,0.00,1.00,0.00,,
17.00,-90.00,0.00,0.00,73.00,90.00,0.48,0.00,1.00,0.00,,
17.00,-90.00,0.00,0.00,73.00,90.00,0.51,0.00,1.00,0.00,,
17.00,-90.00,0.00,0.00,73.00,90.00,0.52,0.00,1.00,0.00,,
18.70,-90.00,0.00,0.00,73.00,90.00,0.48,0.00,1.00,0.00,,
18.70,-90.00,0.00,0.00,71.30,90.00,0.46,0.00,1.00,0.00,,
18.70,-90.00,0.00,0.00,71.30,90.00,0.47,0.00,1.00,0.00,,
18.70,-90.00,0.00,0.00,71.30,90.00,0.48,0.00,1.00,0.00,,
20.40,-90.00,0.00,0.00,69.60,90.00,0.48,0.00,1.00,0.00,,
20.40,-90.00,0.00,0.00,69.60,90.00,0.51,0.00,1.00,0.00,,
20.40,-90.00,0.00,0.00,69.60,90.00,0.52,0.00,1.00,0.00,,
22.10,-90.00,0.00,0.00,67.90,90.00,0.52,0.00,1.00,0.00,,
22.10,-90.00,0.00,0.00,67.90,90.00,0.55,0.00,1.00,0.00,,
22.10,-90.00,0.00,0.00,67.90,90.00,0.55,0.00,1.00,0.00,,
23.80,-90.00,0.00,0.00,66.20,90.00,0.55,0.00,1.00,0.00,,
23.80,-90.00,0.00,0.00,66.20,90.00,0.57,0.00,1.00,0.00,,
23.80,-90.00,0.00,0.00,66.20,90.00,0.57,0.00,1.00,0.00,,
23.80,-90.00,0.00,0.00,66.20,90.00,0.53,0.00,1.00,0.00,,
25.50,-90.00,0.00,0.00,64.50,90.00,0.49,0.00,1.00,0.00,,
25.50,-90.00,0.00,0.00,64.50,90.00,0.49,0.00,1.00,0.00,,
25.50,-90.00,0.00,0.00,64.50,90.00,0.49,0.00,1.00,0.00,,
27.20,-90.00,0.00,0.00,62.80,90.00,0.49,0.00,1.00,0.00,,
27.20,-90.00,0.00,0.00,62.80,90.00,0.51,0.00,1.00,0.00,,
27.20,-90.00,0.00,0.00,62.80,90.00,0.52,0.00,1.00,0.00,,
28.90,-90.00,0.00,0.00,62.80,90.00,0.48,0.00,1.00,0.00,,
28.90,-90.00,0.00,0.00,61.10,90.00,0.46,0.00,1.00,0.00,,
28.90,-90.00,0.00,0.00,61.10,90.00,0.47,0.00,1.00,0.00,,
28.90,-90.00,0.00,0.00,61.10,90.00,0.48,0.00,1.00,0.00,,
30.60,-90.00,0.00,0.00,59.40,90.00,0.47,0.00,1.00,0.00,,
30.60,-90.00,0.00,0.00,59.40,90.00,0.50,0.00,1.00,0.00,,
30.60,-90.00,0.00,0.00,59.40,90.00,0.52,0.00,1.00,0.00,,
32.30,-90.00,0.00,0.00,57.70,90.00,0.52,0.00,1.00,0.00,,
32.30,-90.00,0.00,0.00,57.70,90.00,0.54,0.00,1.00,0.00,,
32.30,-90.00,0.00,0.00,57.70,90.00,0.55,0.00,1.00,0.00,,
32.30,-90.00,0.00,0.00,57.70,90.00,0.51,0.00,1.00,0.00,,
34.00,-90.00,0.00,0.00,56.00,90.00,0.48,0.00,1.00,0.00,,
34.00,-90.00,0.00,0.00,56.00,90.00,0.49,0.00,1.00,0.00,,
34.00,-90.00,0.00,0.00,56.00,90.00,0.49,0.00,1.00,0.00,,
35.70,-90.00,0.00,0.00,54.30,90.00,0.49,0.00,1.00,0.00,,
35.70,-90.00,0.00,0.00,54.30,90.00,0.51,0.00,1.00,0.00,,
35.70,-90.00,0.00,0.00,54.30,90.00,0.52,0.00,1.00,0.00,,
37.40,-90.00,0.00,0.00,52.60,90.00,0.52,0.00,1.00,0.00,,
37.40,-90.00,0.00,0.00,52.60,90.00,0.55,0.00,1.00,0.00,,
37.40,-90.00,0.00,0.00,52.60,90.00,0.55,0.00,1.00,0.00,,
39.10,-90.00,0.00,0.00,52.60,90.00,0.51,0.00,1.00,0.00,,
39.10,-90.00,0.00,0.00,50.90,90.00,0.48,0.00,1.00,0.00,,
39.10,-90.00,0.00,0.00,50.90,90.00,0.49,0.00,1.00,0.00,,
39.10,-90.00,0.00,0.00,50.90,90.00,0.49,0.00,1.00,0.00,,
40.80,-90.00,0.00,0.00,49.20,90.00,0.48,0.00,1.00,0.00,,
40.80,-90.00,0.00,0.00,49.20,90.00,0.51,0.00,1.00,0.00,,
40.80,-90.00,0.00,0.00,49.20,90.00,0.52,0.00,1.00,0.00,,
42.50,-90.00,0.00,0.00,47.50,90.00,0.52,0.00,1.00,0.00,,
42.50,-90.00,0.00,0.00,47.50,90.00,0.54,0.00,1.00,0.00,,
42.50,-90.00,0.00,0.00,47.50,90.00,0.55,0.00,1.00,0.00,,
42.50,-90.00,0.00,0.00,47.50,90.00,0.51,0.00,1.00,0.00,,
44.20,-90.00,0.00,0.00,45.80,90.00,0.48,0.00,1.00,0.00,,
44.20,-90.00,0.00,0.00,45.80,90.00,0.49,0.00,1.00,0.00,,
44.20,-90.00,0.00,0.00,45.80,90.00,0.49,0.00,1.00,0.00,,
45.90,-90.00,0.00,0.00,44.10,90.00,0.48,0.00,1.00,0.00,,
45.90,-90.00,0.00,0.00,44.10,90.00,0.51,0.00,1.00,0.00,,
45.90,-90.00,0.00,0.00,44.10,90.00,0.52,0.00,1.00,0.00,,
47.60,-90.00,0.00,0.00,42.40,90.00,0.52,0.00,1.00,0.00,,
47.60,-90.00,0.00,0.00,42.40,90.00,0.54,0.00,1.00,0.00,,
47.60,-90.00,0.00,0.00,42.40,90.00,0.55,0.00,1.00,0.00,,
47.60,-90.00,0.00,0.00,42.40,90.00,0.51,0.00,1.00,0.00,,
49.30,-90.00,0.00,0.00,40.70,90.00,0.48,0.00,1.00,0.00,,
49.30,-90.00,0.00,0.00,40.70,90.00,0.49,0.00,1.00,0.00,,
49.30,-90.00,0.00,0.00,40.70,90.00,0.49,0.00,1.00,0.00,,
51.00,-90.00,0.00,0.00,39.00,90.00,0.48,0.00,1.00,0.00,,
51.00,-90.00,0.00,0.00,39.00,90.00,0.51,0.00,1.00,0.00,,
51.00,-90.00,0.00,0.00,39.00,90.00,0.52,0.00,1.00,0.00,,
52.70,-90.00,0.00,0.00,37.30,90.00,0.52,0.00,1.00,0.00,,
52.70,-90.00,0.00,0.00,37.30,90.00,0.54,0.00,1.00,0.00,,
52.70,-90.00,0.00,0.00,37.30,90.00,0.55,0.00,1.00,0.00,,
52.70,-90.00,0.00,0.00,37.30,90.00,0.51,0.00,1.00,0.00,,
54.40,-90.00,0.00,0.00,35.60,90.00,0.48,0.00,1.00,0.00,,
54.40,-90.00,0.00,0.00,35.60,90.00,0.49,0.00,1.00,0.00,,
54.40,-90.00,0.00,0.00,35.60,90.00,0.49,0.00,1.00,0.00,,
56.10,-90.00,0.00,0.00,33.90,90.00,0.48,0.00,1.00,0.00,,
56.10,-90.00,0.00,0.00,33.90,90.00,0.51,0.00,1.00,0.00,,
56.10,-90.00,0.00,0.00,33.90,90.00,0.52,0.00,1.00,0.00,,
57.80,-90.00,0.00,0.00,32.20,90.00,0.52,0.00,1.00,0.00,,
57.80,-90.00,0.00,0.00,32.20,90.00,0.54,0.00,1.00,0.00,,
57.80,-90.00,0.00,0.00,32.20,90.00,0.55,0.00,1.00,0.00,,
57.80,-90.00,0.00,0.00,32.20,90.00,0.51,0.00,1.00,0.00,,
59.50,-90.00,0.00,0.00,30.50,90.00,0.48,0.00,1.00,0.00,,
59.50,-90.00,0.00,0.00,30.50,90.00,0.49,0.00,1.00,0.00,,
59.50,-90.00,0.00,0.00,30.50,90.00,0.49,0.00,1.00,0.00,,
59.50,-87.70,0.00,0.00,32.80,92.30,0.40,0.05,1.00,0.00,,
59.50,-87.70,0.00,0.00,32.80,92.30,0.23,0.16,1.00,0.00,,
59.50,-87.70,0.00,0.00,32.80,92.30,0.05,0.27,1.00,0.00,,
59.50,-85.40,0.00,0.00,35.10,94.60,0.12,0.37,1.00,0.00,,
59.50,-85.40,0.00,0.00,35.10,94.60,0.30,0.49,1.00,0.00,,
59.50,-85.40,0.00,0.00,35.10,94.60,0.45,0.57,1.00,0.00,,
59.50,-85.40,0.00,0.00,35.10,94.60,0.50,0.58,1.00,0.00,,
57.80,-83.10,0.00,0.00,39.10,96.90,0.57,0.59,2.00,0.00,,
57.80,-83.10,0.00,0.00,39.10,96.90,0.74,0.63,2.00,0.00,,
57.80,-83.10,0.00,0.00,39.10,96.90,0.86,0.66,2.00,0.00,,
56.10,-80.80,0.00,0.00,43.10,99.20,0.95,0.67,2.00,0.00,,
56.10,-80.80,0.00,0.00,43.10,99.20,1.09,0.72,2.00,0.00,,
56.10,-80.80,0.00,0.00,43.10,99.20,1.18,0.73,2.00,0.00,,
54.40,-78.50,0.00,0.00,47.10,101.50,1.22,0.73,2.00,0.00,,
54.40,-78.50,0.00,0.00,47.10,101.50,1.30,0.76,2.00,0.00,,
54.40,-78.50,0.00,0.00,47.10,101.50,1.34,0.77,2.00,0.00,,
54.40,-78.50,0.00,0.00,47.10,101.50,1.25,0.71,2.00,0.00,,
52.70,-76.20,0.00,0.00,51.10,103.80,1.17,0.66,2.00,0.00,,
52.70,-76.20,0.00,0.00,51.10,103.80,1.19,0.67,2.00,0.00,,
52.70,-76.20,0.00,0.00,51.10,103.80,1.19,0.67,2.00,0.00,,
51.00,-73.90,0.00,0.00,55.10,106.10,1.17,0.66,2.00,0.00,,
51.00,-73.90,0.00,0.00,55.10,106.10,1.23,0.69,2.00,0.00,,
51.00,-73.90,0.00,0.00,55.10,106.10,1.24,0.71,2.00,0.00,,
49.30,-71.60,0.00,0.00,55.10,106.10,1.15,0.66,2.00,0.00,,
49.30,-71.60,0.00,0.00,59.10,108.40,1.09,0.62,2.00,0.00,,
49.30,-71.60,0.00,0.00,59.10,108.40,1.11,0.64,2.00,0.00,,
49.30,-71.60,0.00,0.00,59.10,108.40,1.12,0.64,2.00,0.00,,
47.60,-69.30,0.00,0.00,63.10,110.70,1.12,0.64,2.00,0.00,,
47.60,-69.30,0.00,0.00,63.10,110.70,1.19,0.68,2.00,0.00,,
47.60,-69.30,0.00,0.00,63.10,110.70,1.22,0.70,2.00,0.00,,
45.90,-67.00,0.00,0.00,67.10,113.00,1.22,0.70,2.00,0.00,,
45.90,-67.00,0.00,0.00,67.10,113.00,1.28,0.74,2.00,0.00,,
45.90,-67.00,0.00,0.00,67.10,113.00,1.30,0.75,2.00,0.00,,
45.90,-67.00,0.00,0.00,67.10,113.00,1.21,0.69,2.00,0.00,,
44.20,-64.70,0.00,0.00,71.10,115.30,1.13,0.65,2.00,0.00,,
44.20,-64.70,0.00,0.00,71.10,115.30,1.15,0.66,2.00,0.00,,
44.20,-64.70,0.00,0.00,71.10,115.30,1.15,0.66,2.00,0.00,,
42.50,-62.40,0.00,0.00,75.10,117.60,1.14,0.66,2.00,0.00,,
42.50,-62.40,0.00,0.00,75.10,117.60,1.20,0.69,2.00,0.00,,
42.50,-62.40,0.00,0.00,75.10,117.60,1.23,0.71,2.00,0.00,,
40.80,-60.10,0.00,0.00,79.10,119.90,1.22,0.70,2.00,0.00,,
40.80,-60.10,0.00,0.00,79.10,119.90,1.28,0.74,2.00,0.00,,
40.80,-60.10,0.00,0.00,79.10,119.90,1.30,0.75,2.00,0.00,,
40.80,-60.10,0.00,0.00,79.10,119.90,1.20,0.69,2.00,0.00,,
39.10,-57.80,0.00,0.00,83.10,122.20,1.13,0.65,2.00,0.00,,
39.10,-57.80,0.00,0.00,83.10,122.20,1.15,0.66,2.00,0.00,,
39.10,-57.80,0.00,0.00,83.10,122.20,1.15,0.66,2.00,0.00,,
37.40,-55.50,0.00,0.00,87.10,124.50,1.14,0.66,2.00,0.00,,
37.40,-55.50,0.00,0.00,87.10,124.50,1.20,0.69,2.00,0.00,,
37.40,-55.50,0.00,0.00,87.10,124.50,1.22,0.70,2.00,0.00,,
35.70,-53.20,0.00,0.00,91.10,126.80,1.22,0.70,2.00,0.00,,
35.70,-53.20,0.00,0.00,91.10,126.80,1.28,0.74,2.00,0.00,,
35.70,-53.20,0.00,0.00,91.10,126.80,1.30,0.75,2.00,0.00,,
35.70,-53.20,0.00,0.00,91.10,126.80,1.20,0.69,2.00,0.00,,
34.00,-50.90,0.00,0.00,95.10,129.10,1.13,0.65,2.00,0.00,,
34.00,-50.90,0.00,0.00,95.10,129.10,1.15,0.66,2.00,0.00,,
34.00,-50.90,0.00,0.00,95.10,129.10,1.15,0.66,2.00,0.00,,
32.30,-48.60,0.00,0.00,99.10,131.40,1.14,0.66,2.00,0.00,,
32.30,-48.60,0.00,0.00,99.10,131.40,1.20,0.69,2.00,0.00,,
32.30,-48.60,0.00,0.00,99.10,131.40,1.22,0.70,2.00,0.00,,
30.60,-46.30,0.00,0.00,99.10,131.40,1.14,0.66,2.00,0.00,,
30.60,-46.30,0.00,0.00,103.10,133.70,1.08,0.62,2.00,0.00,,
30.60,-46.30,0.00,0.00,103.10,133.70,1.11,0.64,2.00,0.00,,
30.60,-46.30,0.00,0.00,103.10,133.70,1.12,0.65,2.00,0.00,,
28.90,-44.00,0.00,0.00,107.10,136.00,1.12,0.64,2.00,0.00,,
28.90,-44.00,0.00,0.00,107.10,136.00,1.19,0.68,2.00,0.00,,
28.90,-44.00,0.00,0.00,107.10,136.00,1.22,0.70,2.00,0.00,,
27.20,-41.70,0.00,0.00,111.10,138.30,1.22,0.70,2.00,0.00,,
27.20,-41.70,0.00,0.00,111.10,138.30,1.28,0.74,2.00,0.00,,
27.20,-41.70,0.00,0.00,111.10,138.30,1.30,0.75,2.00,0.00,,
25.50,-39.40,0.00,0.00,111.10,138.30,1.21,0.69,2.00,0.00,,
25.50,-39.40,0.00,0.00,115.10,140.60,1.13,0.65,2.00,0.00,,
25.50,-39.40,0.00,0.00,115.10,140.60,1.15,0.66,2.00,0.00,,
25.50,-39.40,0.00,0.00,115.10,140.60,1.15,0.66,2.00,0.00,,
23.80,-37.10,0.00,0.00,119.10,142.90,1.14,0.66,2.00,0.00,,
23.80,-37.10,0.00,0.00,119.10,142.90,1.20,0.69,2.00,0.00,,
23.80,-37.10,0.00,0.00,119.10,142.90,1.23,0.71,2.00,0.00,,
22.10,-34.80,0.00,0.00,123.10,145.20,1.22,0.70,2.00,0.00,,
22.10,-34.80,0.00,0.00,123.10,145.20,1.28,0.74,2.00,0.00,,
22.10,-34.80,0.00,0.00,123.10,145.20,1.30,0.75,2.00,0.00,,
20.40,-32.50,0.00,0.00,123.10,145.20,1.20,0.69,2.00,0.00,,
20.40,-32.50,0.00,0.00,127.10,147.50,1.13,0.65,2.00,0.00,,
20.40,-32.50,0.00,0.00,127.10,147.50,1.15,0.66,2.00,0.00,,
20.40,-32.50,0.00,0.00,127.10,147.50,1.15,0.66,2.00,0.00,,
18.70,-30.20,0.00,0.00,131.10,149.80,1.14,0.66,2.00,0.00,,
18.70,-30.20,0.00,0.00,131.10,149.80,1.20,0.69,2.00,0.00,,
18.70,-30.20,0.00,0.00,131.10,149.80,1.22,0.70,2.00,0.00,,
17.00,-27.90,0.00,0.00,135.10,152.10,1.22,0.70,2.00,0.00,,
17.00,-27.90,0.00,0.00,135.10,152.10,1.28,0.74,2.00,0.00,,
17.00,-27.90,0.00,0.00,135.10,152.10,1.30,0.75,2.00,0.00,,
17.00,-27.90,0.00,0.00,135.10,152.10,1.20,0.69,2.00,0.00,,
15.30,-25.60,0.00,0.00,139.10,154.40,1.13,0.65,2.00,0.00,,
15.30,-25.60,0.00,0.00,139.10,154.40,1.15,0.66,2.00,0.00,,
15.30,-25.60,0.00,0.00,139.10,154.40,1.15,0.66,2.00,0.00,,
13.60,-23.30,0.00,0.00,143.10,156.70,1.14,0.66,2.00,0.00,,
13.60,-23.30,0.00,0.00,143.10,156.70,1.20,0.69,2.00,0.00,,
13.60,-23.30,0.00,0.00,143.10,156.70,1.22,0.70,2.00,0.00,,
11.90,-21.00,0.00,0.00,147.10,159.00,1.22,0.70,2.00,0.00,,
11.90,-21.00,0.00,0.00,147.10,159.00,1.28,0.74,2.00,0.00,,
11.90,-21.00,0.00,0.00,147.10,159.00,1.30,0.75,2.00,0.00,,
11.90,-21.00,0.00,0.00,147.10,159.00,1.20,0.69,2.00,0.00,,
10.20,-18.70,0.00,0.00,151.10,161.30,1.13,0.65,2.00,0.00,,
10.20,-18.70,0.00,0.00,151.10,161.30,1.15,0.66,2.00,0.00,,
10.20,-18.70,0.00,0.00,151.10,161.30,1.15,0.66,2.00,0.00,,
8.50,-16.40,0.00,0.00,155.10,163.60,1.14,0.66,2.00,0.00,,
8.50,-16.40,0.00,0.00,155.10,163.60,1.20,0.69,2.00,0.00,,
8.50,-16.40,0.00,0.00,155.10,163.60,1.22,0.70,2.00,0.00,,
6.80,-16.40,0.00,0.00,156.80,163.60,1.18,0.66,2.00,0.00,,
6.80,-16.40,0.00,0.00,156.80,163.60,1.12,0.57,2.00,0.00,,
6.80,-16.40,0.00,0.00,156.80,163.60,1.03,0.47,2.00,0.00,,
6.80,-16.40,0.00,0.00,156.80,163.60,0.88,0.37,2.00,0.00,,
5.10,-16.40,0.00,0.00,158.50,163.60,0.76,0.28,2.00,0.00,,
5.10,-16.40,0.00,0.00,158.50,163.60,0.68,0.20,2.00,0.00,,
5.10,-16.40,0.00,0.00,158.50,163.60,0.62,0.13,2.00,0.00,,
5.10,-16.40,0.00,0.00,158.50,163.60,0.52,0.07,2.00,0.00,,
5.10,-16.40,0.00,0.00,158.50,163.60,0.42,0.03,2.00,0.00,,
5.10,-16.40,0.00,0.00,158.50,163.60,0.32,0.00,2.00,0.00,,
5.10,-16.40,0.00,0.00,158.50,163.60,0.24,0.01,2.00,0.00,,
5.10,-16.40,0.00,0.00,158.50,163.60,0.16,0.02,2.00,0.00,,
5.10,-16.40,0.00,0.00,158.50,163.60,0.10,0.03,2.00,0.00,,
5.10,-16.40,0.00,0.00,158.50,163.60,0.05,0.03,2.00,0.00,,
5.10,-18.70,0.00,0.00,156.20,161.30,0.03,0.07,2.00,0.00,,
5.10,-18.70,0.00,0.00,156.20,161.30,0.17,0.19,2.00,0.00,,
5.10,-18.70,0.00,0.00,156.20,161.30,0.29,0.29,2.00,0.00,,
6.80,-21.00,0.00,0.00,152.20,159.00,0.43,0.38,2.00,0.00,,
6.80,-21.00,0.00,0.00,152.20,159.00,0.64,0.50,2.00,0.00,,
6.80,-21.00,0.00,0.00,152.20,159.00,0.80,0.58,2.00,0.00,,
6.80,-21.00,0.00,0.00,152.20,159.00,0.84,0.59,2.00,0.00,,
8.50,-23.30,0.00,0.00,148.20,156.70,0.88,0.59,2.00,0.00,,
8.50,-23.30,0.00,0.00,148.20,156.70,1.00,0.64,2.00,0.00,,
8.50,-23.30,0.00,0.00,148.20,156.70,1.07,0.66,2.00,0.00,,
10.20,-25.60,0.00,0.00,144.20,154.40,1.11,0.67,2.00,0.00,,
10.20,-25.60,0.00,0.00,144.20,154.40,1.21,0.71,2.00,0.00,,
10.20,-25.60,0.00,0.00,144.20,154.40,1.25,0.73,2.00,0.00,,
11.90,-27.90,0.00,0.00,140.20,152.10,1.26,0.73,2.00,0.00,,
11.90,-27.90,0.00,0.00,140.20,152.10,1.33,0.76,2.00,0.00,,
11.90,-27.90,0.00,0.00,140.20,152.10,1.34,0.77,2.00,0.00,,
11.90,-27.90,0.00,0.00,140.20,152.10,1.24,0.71,2.00,0.00,,
13.60,-30.20,0.00,0.00,136.20,149.80,1.16,0.66,2.00,0.00,,
13.60,-30.20,0.00,0.00,136.20,149.80,1.18,0.67,2.00,0.00,,
13.60,-30.20,0.00,0.00,136.20,149.80,1.17,0.67,2.00,0.00,,
15.30,-32.50,0.00,0.00,132.20,147.50,1.16,0.66,2.00,0.00,,
15.30,-32.50,0.00,0.00,132.20,147.50,1.21,0.69,2.00,0.00,,
15.30,-32.50,0.00,0.00,132.20,147.50,1.23,0.71,2.00,0.00,,
17.00,-34.80,0.00,0.00,128.20,145.20,1.23,0.70,2.00,0.00,,
17.00,-34.80,0.00,0.00,128.20,145.20,1.28,0.74,2.00,0.00,,
17.00,-34.80,0.00,0.00,128.20,145.20,1.30,0.75,2.00,0.00,,
17.00,-34.80,0.00,0.00,128.20,145.20,1.20,0.69,2.00,0.00,,
18.70,-37.10,0.00,0.00,124.20,142.90,1.13,0.65,2.00,0.00,,
18.70,-37.10,0.00,0.00,124.20,142.90,1.15,0.66,2.00,0.00,,
18.70,-37.10,0.00,0.00,124.20,142.90,1.15,0.66,2.00,0.00,,
20.40,-39.40,0.00,0.00,120.20,140.60,1.14,0.65,2.00,0.00,,
20.40,-39.40,0.00,0.00,120.20,140.60,1.20,0.69,2.00,0.00,,
20.40,-39.40,0.00,0.00,120.20,140.60,1.22,0.70,2.00,0.00,,
22.10,-41.70,0.00,0.00,116.20,138.30,1.22,0.70,2.00,0.00,,
22.10,-41.70,0.00,0.00,116.20,138.30,1.28,0.74,2.00,0.00,,
22.10,-41.70,0.00,0.00,116.20,138.30,1.30,0.75,2.00,0.00,,
22.10,-41.70,0.00,0.00,116.20,138.30,1.20,0.69,2.00,0.00,,
23.80,-44.00,0.00,0.00,112.20,136.00,1.13,0.65,2.00,0.00,,
23.80,-44.00,0.00,0.00,112.20,136.00,1.15,0.66,2.00,0.00,,
23.80,-44.00,0.00,0.00,112.20,136.00,1.15,0.66,2.00,0.00,,
25.50,-46.30,0.00,0.00,108.20,133.70,1.14,0.66,2.00,0.00,,
25.50,-46.30,0.00,0.00,108.20,133.70,1.20,0.69,2.00,0.00,,
25.50,-46.30,0.00,0.00,108.20,133.70,1.22,0.70,2.00,0.00,,
27.20,-48.60,0.00,0.00,104.20,131.40,1.22,0.70,2.00,0.00,,
27.20,-48.60,0.00,0.00,104.20,131.40,1.28,0.74,2.00,0.00,,
27.20,-48.60,0.00,0.00,104.20,131.40,1.30,0.75,2.00,0.00,,
27.20,-48.60,0.00,0.00,104.20,131.40,1.20,0.69,2.00,0.00,,
28.90,-50.90,0.00,0.00,100.20,129.10,1.13,0.65,2.00,0.00,,
28.90,-50.90,0.00,0.00,100.20,129.10,1.15,0.66,2.00,0.00,,
28.90,-50.90,0.00,0.00,100.20,129.10,1.15,0.66,2.00,0.00,,
30.60,-53.20,0.00,0.00,96.20,126.80,1.14,0.66,2.00,0.00,,
30.60,-53.20,0.00,0.00,96.20,126.80,1.20,0.69,2.00,0.00,,
30.60,-53.20,0.00,0.00,96.20,126.80,1.22,0.70,2.00,0.00,,
32.30,-55.50,0.00,0.00,96.20,126.80,1.14,0.66,2.00,0.00,,
32.30,-55.50,0.00,0.00,92.20,124.50,1.08,0.62,2.00,0.00,,
32.30,-55.50,0.00,0.00,92.20,124.50,1.11,0.64,2.00,0.00,,
32.30,-55.50,0.00,0.00,92.20,124.50,1.12,0.65,2.00,0.00,,
34.00,-57.80,0.00,0.00,88.20,122.20,1.12,0.64,2.00,0.00,,
34.00,-57.80,0.00,0.00,88.20,122.20,1.19,0.68,2.00,0.00,,
34.00,-57.80,0.00,0.00,88.20,122.20,1.22,0.70,2.00,0.00,,
34.00,-57.80,0.00,0.00,88.20,122.20,1.14,0.66,2.00,0.00,,
35.70,-60.10,0.00,0.00,84.20,119.90,1.08,0.62,2.00,0.00,,
35.70,-60.10,0.00,0.00,84.20,119.90,1.11,0.64,2.00,0.00,,
35.70,-60.10,0.00,0.00,84.20,119.90,1.13,0.65,2.00,0.00,,
37.40,-62.40,0.00,0.00,80.20,117.60,1.12,0.65,2.00,0.00,,
37.40,-62.40,0.00,0.00,80.20,117.60,1.19,0.69,2.00,0.00,,
37.40,-62.40,0.00,0.00,80.20,117.60,1.22,0.70,2.00,0.00,,
39.10,-64.70,0.00,0.00,76.20,115.30,1.22,0.70,2.00,0.00,,
39.10,-64.70,0.00,0.00,76.20,115.30,1.28,0.74,2.00,0.00,,
39.10,-64.70,0.00,0.00,76.20,115.30,1.30,0.75,2.00,0.00,,
40.80,-67.00,0.00,0.00,72.20,113.00,1.29,0.74,2.00,0.00,,
40.80,-67.00,0.00,0.00,72.20,113.00,1.34,0.77,2.00,0.00,,
40.80,-67.00,0.00,0.00,72.20,113.00,1.34,0.77,2.00,0.00,,
40.80,-67.00,0.00,0.00,72.20,113.00,1.24,0.71,2.00,0.00,,
42.50,-69.30,0.00,0.00,68.20,110.70,1.15,0.66,2.00,0.00,,
42.50,-69.30,0.00,0.00,68.20,110.70,1.16,0.67,2.00,0.00,,
42.50,-69.30,0.00,0.00,68.20,110.70,1.16,0.67,2.00,0.00,,
44.20,-71.60,0.00,0.00,64.20,108.40,1.14,0.66,2.00,0.00,,
44.20,-71.60,0.00,0.00,64.20,108.40,1.20,0.69,2.00,0.00,,
44.20,-71.60,0.00,0.00,64.20,108.40,1.22,0.70,2.00,0.00,,
44.20,-71.60,0.00,0.00,64.20,108.40,1.14,0.65,2.00,0.00,,
45.90,-73.90,0.00,0.00,60.20,106.10,1.07,0.62,2.00,0.00,,
45.90,-73.90,0.00,0.00,60.20,106.10,1.11,0.64,2.00,0.00,,
45.90,-73.90,0.00,0.00,60.20,106.10,1.12,0.64,2.00,0.00,,
47.60,-76.20,0.00,0.00,56.20,103.80,1.12,0.64,2.00,0.00,,
47.60,-76.20,0.00,0.00,56.20,103.80,1.19,0.68,2.00,0.00,,
47.60,-76.20,0.00,0.00,56.20,103.80,1.22,0.70,2.00,0.00,,
49.30,-78.50,0.00,0.00,52.20,101.50,1.22,0.70,2.00,0.00,,
49.30,-78.50,0.00,0.00,52.20,101.50,1.28,0.74,2.00,0.00,,
49.30,-78.50,0.00,0.00,52.20,101.50,1.30,0.75,2.00,0.00,,
49.30,-78.50,0.00,0.00,52.20,101.50,1.21,0.69,2.00,0.00,,
51.00,-80.80,0.00,0.00,48.20,99.20,1.13,0.65,2.00,0.00,,
51.00,-80.80,0.00,0.00,48.20,99.20,1.15,0.66,2.00,0.00,,
51.00,-80.80,0.00,0.00,48.20,99.20,1.15,0.66,2.00,0.00,,
52.70,-83.10,0.00,0.00,44.20,96.90,1.14,0.66,2.00,0.00,,
52.70,-83.10,0.00,0.00,44.20,96.90,1.20,0.69,2.00,0.00,,
52.70,-83.10,0.00,0.00,44.20,96.90,1.23,0.71,2.00,0.00,,
54.40,-85.40,0.00,0.00,40.20,94.60,1.22,0.70,1.00,0.00,,
54.40,-85.40,0.00,0.00,40.20,94.60,1.28,0.74,1.00,0.00,,
54.40,-85.40,0.00,0.00,40.20,94.60,1.30,0.75,1.00,0.00,,
54.40,-85.40,0.00,0.00,40.20,94.60,1.20,0.69,1.00,0.00,,
56.10,-87.70,0.00,0.00,36.20,92.30,1.13,0.65,1.00,0.00,,
56.10,-87.70,0.00,0.00,36.20,92.30,1.15,0.66,1.00,0.00,,
56.10,-87.70,0.00,0.00,36.20,92.30,1.15,0.66,1.00,0.00,,
56.10,-90.00,0.00,0.00,33.90,90.00,1.11,0.66,1.00,0.00,,
56.10,-90.00,0.00,0.00,33.90,90.00,1.08,0.69,1.00,0.00,,
56.10,-90.00,0.00,0.00,33.90,90.00,1.02,0.70,1.00,0.00,,
54.40,-90.00,0.00,0.00,35.60,90.00,0.87,0.66,1.00,0.00,,
54.40,-90.00,0.00,0.00,35.60,90.00,0.64,0.57,1.00,0.00,,
54.40,-90.00,0.00,0.00,35.60,90.00,0.40,0.47,1.00,0.00,,
54.40,-90.00,0.00,0.00,35.60,90.00,0.22,0.37,1.00,0.00,,
52.70,-90.00,0.00,0.00,37.30,90.00,0.05,0.28,1.00,0.00,,
52.70,-90.00,0.00,0.00,37.30,90.00,0.13,0.20,1.00,0.00,,
52.70,-90.00,0.00,0.00,37.30,90.00,0.27,0.13,1.00,0.00,,
51.00,-90.00,0.00,0.00,39.00,90.00,0.37,0.07,1.00,0.00,,
51.00,-90.00,0.00,0.00,39.00,90.00,0.47,0.03,1.00,0.00,,
51.00,-90.00,0.00,0.00,39.00,90.00,0.53,0.00,1.00,0.00,,
49.30,-90.00,0.00,0.00,40.70,90.00,0.56,0.01,1.00,0.00,,
49.30,-90.00,0.00,0.00,40.70,90.00,0.61,0.02,1.00,0.00,,
49.30,-90.00,0.00,0.00,40.70,90.00,0.62,0.03,1.00,0.00,,
49.30,-90.00,0.00,0.00,40.70,90.00,0.58,0.03,1.00,0.00,,
47.60,-90.00,0.00,0.00,42.40,90.00,0.54,0.03,1.00,0.00,,
47.60,-90.00,0.00,0.00,42.40,90.00,0.54,0.02,1.00,0.00,,
47.60,-90.00,0.00,0.00,42.40,90.00,0.53,0.02,1.00,0.00,,
45.90,-90.00,0.00,0.00,44.10,90.00,0.52,0.02,1.00,0.00,,
45.90,-90.00,0.00,0.00,44.10,90.00,0.53,0.01,1.00,0.00,,
45.90,-90.00,0.00,0.00,44.10,90.00,0.54,0.01,1.00,0.00,,
44.20,-90.00,0.00,0.00,45.80,90.00,0.53,0.01,1.00,0.00,,
44.20,-90.00,0.00,0.00,45.80,90.00,0.55,0.00,1.00,0.00,,
44.20,-90.00,0.00,0.00,45.80,90.00,0.55,0.00,1.00,0.00,,
42.50,-90.00,0.00,0.00,47.50,90.00,0.55,0.00,1.00,0.00,,
42.50,-90.00,0.00,0.00,47.50,90.00,0.56,0.00,1.00,0.00,,
42.50,-90.00,0.00,0.00,47.50,90.00,0.57,0.00,1.00,0.00,,
42.50,-90.00,0.00,0.00,47.50,90.00,0.52,0.00,1.00,0.00,,
40.80,-90.00,0.00,0.00,49.20,90.00,0.48,0.00,1.00,0.00,,
40.80,-90.00,0.00,0.00,49.20,90.00,0.49,0.00,1.00,0.00,,
40.80,-90.00,0.00,0.00,49.20,90.00,0.49,0.00,1.00,0.00,,
39.10,-90.00,0.00,0.00,50.90,90.00,0.48,0.00,1.00,0.00,,
39.10,-90.00,0.00,0.00,50.90,90.00,0.51,0.00,1.00,0.00,,
39.10,-90.00,0.00,0.00,50.90,90.00,0.52,0.00,1.00,0.00,,
39.10,-90.00,0.00,0.00,50.90,90.00,0.48,0.00,1.00,0.00,,
37.40,-90.00,0.00,0.00,52.60,90.00,0.46,0.00,1.00,0.00,,
37.40,-90.00,0.00,0.00,52.60,90.00,0.47,0.00,1.00,0.00,,
37.40,-90.00,0.00,0.00,52.60,90.00,0.48,0.00,1.00,0.00,,
35.70,-90.00,0.00,0.00,54.30,90.00,0.47,0.00,1.00,0.00,,
35.70,-90.00,0.00,0.00,54.30,90.00,0.50,0.00,1.00,0.00,,
35.70,-90.00,0.00,0.00,54.30,90.00,0.52,0.00,1.00,0.00,,
34.00,-90.00,0.00,0.00,56.00,90.00,0.52,0.00,1.00,0.00,,
34.00,-90.00,0.00,0.00,56.00,90.00,0.54,0.00,1.00,0.00,,
34.00,-90.00,0.00,0.00,56.00,90.00,0.55,0.00,1.00,0.00,,
34.00,-90.00,0.00,0.00,56.00,90.00,0.51,0.00,1.00,0.00,,
32.30,-90.00,0.00,0.00,57.70,90.00,0.48,0.00,1.00,0.00,,
32.30,-90.00,0.00,0.00,57.70,90.00,0.49,0.00,1.00,0.00,,
32.30,-90.00,0.00,0.00,57.70,90.00,0.49,0.00,1.00,0.00,,
30.60,-90.00,0.00,0.00,59.40,90.00,0.49,0.00,1.00,0.00,,
30.60,-90.00,0.00,0.00,59.40,90.00,0.51,0.00,1.00,0.00,,
30.60,-90.00,0.00,0.00,59.40,90.00,0.52,0.00,1.00,0.00,,
28.90,-90.00,0.00,0.00,61.10,90.00,0.52,0.00,1.00,0.00,,
28.90,-90.00,0.00,0.00,61.10,90.00,0.55,0.00,1.00,0.00,,
28.90,-90.00,0.00,0.00,61.10,90.00,0.55,0.00,1.00,0.00,,
28.90,-90.00,0.00,0.00,61.10,90.00,0.51,0.00,1.00,0.00,,
27.20,-90.00,0.00,0.00,62.80,90.00,0.48,0.00,1.00,0.00,,
27.20,-90.00,0.00,0.00,62.80,90.00,0.49,0.00,1.00,0.00,,
27.20,-90.00,0.00,0.00,62.80,90.00,0.49,0.00,1.00,0.00,,
25.50,-90.00,0.00,0.00,64.50,90.00,0.48,0.00,1.00,0.00,,
25.50,-90.00,0.00,0.00,64.50,90.00,0.51,0.00,1.00,0.00,,
25.50,-90.00,0.00,0.00,64.50,90.00,0.52,0.00,1.00,0.00,,
25.50,-90.00,0.00,0.00,64.50,90.00,0.49,0.00,1.00,0.00,,
23.80,-90.00,0.00,0.00,66.20,90.00,0.46,0.00,1.00,0.00,,
23.80,-90.00,0.00,0.00,66.20,90.00,0.47,0.00,1.00,0.00,,
23.80,-90.00,0.00,0.00,66.20,90.00,0.48,0.00,1.00,0.00,,
22.10,-90.00,0.00,0.00,67.90,90.00,0.48,0.00,1.00,0.00,,
22.10,-90.00,0.00,0.00,67.90,90.00,0.51,0.00,1.00,0.00,,
22.10,-90.00,0.00,0.00,67.90,90.00,0.52,0.00,1.00,0.00,,
20.40,-90.00,0.00,0.00,69.60,90.00,0.52,0.00,1.00,0.00,,
20.40,-90.00,0.00,0.00,69.60,90.00,0.55,0.00,1.00,0.00,,
20.40,-90.00,0.00,0.00,69.60,90.00,0.55,0.00,1.00,0.00,,
18.70,-90.00,0.00,0.00,71.30,90.00,0.55,0.00,1.00,0.00,,
18.70,-90.00,0.00,0.00,71.30,90.00,0.57,0.00,1.00,0.00,,
18.70,-90.00,0.00,0.00,71.30,90.00,0.57,0.00,1.00,0.00,,
18.70,-90.00,0.00,0.00,71.30,90.00,0.53,0.00,1.00,0.00,,
17.00,-90.00,0.00,0.00,73.00,90.00,0.49,0.00,1.00,0.00,,
17.00,-90.00,0.00,0.00,73.00,90.00,0.49,0.00,1.00,0.00,,
17.00,-90.00,0.00,0.00,73.00,90.00,0.49,0.00,1.00,0.00,,
15.30,-90.00,0.00,0.00,74.70,90.00,0.49,0.00,1.00,0.00,,
15.30,-90.00,0.00,0.00,74.70,90.00,0.51,0.00,1.00,0.00,,
15.30,-90.00,0.00,0.00,74.70,90.00,0.52,0.00,1.00,0.00,,
15.30,-90.00,0.00,0.00,74.70,90.00,0.48,0.00,1.00,0.00,,
13.60,-90.00,0.00,0.00,76.40,90.00,0.46,0.00,1.00,0.00,,
13.60,-90.00,0.00,0.00,76.40,90.00,0.47,0.00,1.00,0.00,,
13.60,-90.00,0.00,0.00,76.40,90.00,0.48,0.00,1.00,0.00,,
11.90,-90.00,0.00,0.00,78.10,90.00,0.47,0.00,1.00,0.00,,
11.90,-90.00,0.00,0.00,78.10,90.00,0.50,0.00,1.00,0.00,,
11.90,-90.00,0.00,0.00,78.10,90.00,0.52,0.00,1.00,0.00,,
10.20,-90.00,0.00,0.00,79.80,90.00,0.52,0.00,1.00,0.00,,
10.20,-90.00,0.00,0.00,79.80,90.00,0.54,0.00,1.00,0.00,,
10.20,-90.00,0.00,0.00,79.80,90.00,0.55,0.00,1.00,0.00,,
10.20,-90.00,0.00,0.00,79.80,90.00,0.51,0.00,1.00,0.00,,
8.50,-90.00,0.00,0.00,81.50,90.00,0.48,0.00,0.00,0.00,,
8.50,-90.00,0.00,0.00,81.50,90.00,0.49,0.00,0.00,0.00,,
8.50,-90.00,0.00,0.00,81.50,90.00,0.49,0.00,0.00,0.00,,
6.80,-90.00,0.00,0.00,83.20,90.00,0.49,0.00,0.00,0.00,,
6.80,-90.00,0.00,0.00,83.20,90.00,0.51,0.00,0.00,0.00,,
6.80,-90.00,0.00,0.00,83.20,90.00,0.52,0.00,0.00,0.00,,
6.80,-90.00,0.00,0.00,83.20,90.00,0.49,0.00,0.00,0.00,,
5.10,-90.00,0.00,0.00,84.90,90.00,0.46,0.00,0.00,0.00,,
5.10,-90.00,0.00,0.00,84.90,90.00,0.47,0.00,0.00,0.00,,
5.10,-90.00,0.00,0.00,84.90,90.00,0.48,0.00,0.00,0.00,,
3.40,-90.00,0.00,0.00,86.60,90.00,0.48,0.00,0.00,0.00,,
3.40,-90.00,0.00,0.00,86.60,90.00,0.51,0.00,0.00,0.00,,
3.40,-90.00,0.00,0.00,86.60,90.00,0.52,0.00,0.00,0.00,,
1.70,-90.00,0.00,0.00,88.30,90.00,0.52,0.00,0.00,0.00,,
1.70,-90.00,0.00,0.00,88.30,90.00,0.55,0.00,0.00,0.00,,
1.70,-90.00,0.00,0.00,88.30,90.00,0.55,0.00,0.00,0.00,,
1.70,-90.00,0.00,0.00,88.30,90.00,0.51,0.00,0.00,0.00,,
-0.00,-90.00,0.00,0.00,90.00,90.00,0.48,0.00,0.00,0.00,,
-0.00,-90.00,0.00,0.00,90.00,90.00,0.49,0.00,0.00,0.00,,
-0.00,-90.00,0.00,0.00,90.00,90.00,0.49,0.00,0.00,0.00,,
-1.70,-90.00,0.00,0.00,91.70,90.00,0.49,0.00,0.00,0.00,,
-1.70,-90.00,0.00,0.00,91.70,90.00,0.51,0.00,0.00,0.00,,
-1.70,-90.00,0.00,0.00,91.70,90.00,0.52,0.00,0.00,0.00,,
-3.40,-90.00,0.00,0.00,93.40,90.00,0.52,0.00,0.00,0.00,,
-3.40,-90.00,0.00,0.00,93.40,90.00,0.55,0.00,0.00,0.00,,
-3.40,-90.00,0.00,0.00,93.40,90.00,0.55,0.00,0.00,0.00,,
-3.40,-90.00,0.00,0.00,93.40,90.00,0.51,0.00,0.00,0.00,,
-5.10,-90.00,0.00,0.00,95.10,90.00,0.48,0.00,0.00,0.00,,
-5.10,-90.00,0.00,0.00,95.10,90.00,0.49,0.00,0.00,0.00,,
-5.10,-90.00,0.00,0.00,95.10,90.00,0.49,0.00,0.00,0.00,,
-6.80,-90.00,0.00,0.00,96.80,90.00,0.48,0.00,0.00,0.00,,
-6.80,-90.00,0.00,0.00,96.80,90.00,0.51,0.00,0.00,0.00,,
-6.80,-90.00,0.00,0.00,96.80,90.00,0.52,0.00,0.00,0.00,,
-6.80,-90.00,0.00,0.00,96.80,90.00,0.49,0.00,0.00,0.00,,
-8.50,-90.00,0.00,0.00,98.50,90.00,0.46,0.00,0.00,0.00,,
-8.50,-90.00,0.00,0.00,98.50,90.00,0.47,0.00,0.00,0.00,,
-8.50,-90.00,0.00,0.00,98.50,90.00,0.48,0.00,0.00,0.00,,
-10.20,-90.00,0.00,0.00,100.20,90.00,0.48,0.00,0.00,0.00,,
-10.20,-90.00,0.00,0.00,100.20,90.00,0.51,0.00,0.00,0.00,,
-10.20,-90.00,0.00,0.00,100.20,90.00,0.52,0.00,0.00,0.00,,
-11.90,-90.00,0.00,0.00,101.90,90.00,0.52,0.00,0.00,0.00,,
-11.90,-90.00,0.00,0.00,101.90,90.00,0.55,0.00,0.00,0.00,,
-11.90,-90.00,0.00,0.00,101.90,90.00,0.55,0.00,0.00,0.00,,
-11.90,-90.00,0.00,0.00,101.90,90.00,0.51,0.00,0.00,0.00,,
-13.60,-90.00,0.00,0.00,103.60,90.00,0.48,0.00,0.00,0.00,,
-13.60,-90.00,0.00,0.00,103.60,90.00,0.49,0.00,0.00,0.00,,
-13.60,-90.00,0.00,0.00,103.60,90.00,0.49,0.00,0.00,0.00,,
-15.30,-90.00,0.00,0.00,105.30,90.00,0.49,0.00,0.00,0.00,,
-15.30,-90.00,0.00,0.00,105.30,90.00,0.51,0.00,0.00,0.00,,
-15.30,-90.00,0.00,0.00,105.30,90.00,0.52,0.00,0.00,0.00,,
-17.00,-90.00,0.00,0.00,107.00,90.00,0.52,0.00,0.00,0.00,,
-17.00,-90.00,0.00,0.00,107.00,90.00,0.55,0.00,0.00,0.00,,
-17.00,-90.00,0.00,0.00,107.00,90.00,0.55,0.00,0.00,0.00,,
-17.00,-90.00,0.00,0.00,107.00,90.00,0.51,0.00,0.00,0.00,,
-18.70,-90.00,0.00,0.00,108.70,90.00,0.48,0.00,0.00,0.00,,
-18.70,-90.00,0.00,0.00,108.70,90.00,0.49,0.00,0.00,0.00,,
-18.70,-90.00,0.00,0.00,108.70,90.00,0.49,0.00,0.00,0.00,,
-18.70,-90.00,0.00,0.00,108.70,90.00,0.45,0.00,0.00,0.00,,
-18.70,-90.00,0.00,0.00,108.70,90.00,0.39,0.00,0.00,0.00,,
-18.70,-90.00,0.00,0.00,108.70,90.00,0.32,0.00,0.00,0.00,,
-17.00,-90.00,0.00,0.00,107.00,90.00,0.21,0.00,0.00,0.00,,
-17.00,-90.00,0.00,0.00,107.00,90.00,0.06,0.00,0.00,0.00,,
-17.00,-90.00,0.00,0.00,107.00,90.00,0.07,0.00,0.00,0.00,,
-17.00,-90.00,0.00,0.00,107.00,90.00,0.15,0.00,0.00,0.00,,
-15.30,-90.00,0.00,0.00,105.30,90.00,0.23,0.00,0.00,0.00,,
-15.30,-90.00,0.00,0.00,105.30,90.00,0.32,0.00,0.00,0.00,,
-15.30,-90.00,0.00,0.00,105.30,90.00,0.39,0.00,0.00,0.00,,
-13.60,-90.00,0.00,0.00,103.60,90.00,0.44,0.00,0.00,0.00,,
-13.60,-90.00,0.00,0.00,103.60,90.00,0.50,0.00,0.00,0.00,,
-13.60,-90.00,0.00,0.00,103.60,90.00,0.54,0.00,0.00,0.00,,
-11.90,-90.00,0.00,0.00,101.90,90.00,0.55,0.00,0.00,0.00,,
-11.90,-90.00,0.00,0.00,101.90,90.00,0.58,0.00,0.00,0.00,,
-11.90,-90.00,0.00,0.00,101.90,90.00,0.59,0.00,0.00,0.00,,
-11.90,-90.00,0.00,0.00,101.90,90.00,0.55,0.00,0.00,0.00,,
-10.20,-90.00,0.00,0.00,100.20,90.00,0.51,0.00,0.00,0.00,,
-10.20,-90.00,0.00,0.00,100.20,90.00,0.51,0.00,0.00,0.00,,
-10.20,-90.00,0.00,0.00,100.20,90.00,0.51,0.00,0.00,0.00,,
-8.50,-90.00,0.00,0.00,98.50,90.00,0.50,0.00,0.00,0.00,,
-8.50,-90.00,0.00,0.00,98.50,90.00,0.52,0.00,0.00,0.00,,
-8.50,-90.00,0.00,0.00,98.50,90.00,0.53,0.00,0.00,0.00,,
-6.80,-90.00,0.00,0.00,96.80,90.00,0.52,0.00,0.00,0.00,,
-6.80,-90.00,0.00,0.00,96.80,90.00,0.55,0.00,0.00,0.00,,
-6.80,-90.00,0.00,0.00,96.80,90.00,0.55,0.00,0.00,0.00,,
-6.80,-90.00,0.00,0.00,96.80,90.00,0.51,0.00,0.00,0.00,,
-5.10,-90.00,0.00,0.00,95.10,90.00,0.48,0.00,0.00,0.00,,
-5.10,-90.00,0.00,0.00,95.10,90.00,0.49,0.00,0.00,0.00,,
-5.10,-90.00,0.00,0.00,95.10,90.00,0.49,0.00,0.00,0.00,,
-3.40,-90.00,0.00,0.00,93.40,90.00,0.48,0.00,0.00,0.00,,
-3.40,-90.00,0.00,0.00,93.40,90.00,0.51,0.00,0.00,0.00,,
-3.40,-90.00,0.00,0.00,93.40,90.00,0.52,0.00,0.00,0.00,,
-3.40,-90.00,0.00,0.00,93.40,90.00,0.48,0.00,0.00,0.00,,
-1.70,-90.00,0.00,0.00,91.70,90.00,0.46,0.00,0.00,0.00,,
-1.70,-90.00,0.00,0.00,91.70,90.00,0.47,0.00,0.00,0.00,,
-1.70,-90.00,0.00,0.00,91.70,90.00,0.48,0.00,0.00,0.00,,
0.00,-90.00,0.00,0.00,90.00,90.00,0.48,0.00,0.00,0.00,,
0.00,-90.00,0.00,0.00,90.00,90.00,0.51,0.00,0.00,0.00,,
0.00,-90.00,0.00,0.00,90.00,90.00,0.52,0.00,0.00,0.00,,
1.70,-90.00,0.00,0.00,88.30,90.00,0.52,0.00,0.00,0.00,,
1.70,-90.00,0.00,0.00,88.30,90.00,0.55,0.00,0.00,0.00,,
1.70,-90.00,0.00,0.00,88.30,90.00,0.55,0.00,0.00,0.00,,
1.70,-90.00,0.00,0.00,88.30,90.00,0.51,0.00,0.00,0.00,,
3.40,-90.00,0.00,0.00,86.60,90.00,0.48,0.00,0.00,0.00,,
3.40,-90.00,0.00,0.00,86.60,90.00,0.49,0.00,0.00,0.00,,
3.40,-90.00,0.00,0.00,86.60,90.00,0.49,0.00,0.00,0.00,,
5.10,-90.00,0.00,0.00,84.90,90.00,0.49,0.00,0.00,0.00,,
5.10,-90.00,0.00,0.00,84.90,90.00,0.51,0.00,0.00,0.00,,
5.10,-90.00,0.00,0.00,84.90,90.00,0.52,0.00,0.00,0.00,,
6.80,-90.00,0.00,0.00,83.20,90.00,0.52,0.00,0.00,0.00,,
6.80,-90.00,0.00,0.00,83.20,90.00,0.55,0.00,0.00,0.00,,
6.80,-90.00,0.00,0.00,83.20,90.00,0.55,0.00,0.00,0.00,,
6.80,-90.00,0.00,0.00,83.20,90.00,0.51,0.00,0.00,0.00,,
8.50,-90.00,0.00,0.00,81.50,90.00,0.48,0.00,0.00,0.00,,
8.50,-90.00,0.00,0.00,81.50,90.00,0.49,0.00,0.00,0.00,,
8.50,-90.00,0.00,0.00,81.50,90.00,0.49,0.00,0.00,0.00,,
10.20,-90.00,0.00,0.00,79.80,90.00,0.48,0.00,1.00,0.00,,
10.20,-90.00,0.00,0.00,79.80,90.00,0.51,0.00,1.00,0.00,,
10.20,-90.00,0.00,0.00,79.80,90.00,0.52,0.00,1.00,0.00,,
10.20,-90.00,0.00,0.00,79.80,90.00,0.49,0.00,1.00,0.00,,
11.90,-90.00,0.00,0.00,78.10,90.00,0.46,0.00,1.00,0.00,,
11.90,-90.00,0.00,0.00,78.10,90.00,0.47,0.00,1.00,0.00,,
11.90,-90.00,0.00,0.00,78.10,90.00,0.48,0.00,1.00,0.00,,
13.60,-90.00,0.00,0.00,76.40,90.00,0.48,0.00,1.00,0.00,,
13.60,-90.00,0.00,0.00,76.40,90.00,0.51,0.00,1.00,0.00,,
13.60,-90.00,0.00,0.00,76.40,90.00,0.52,0.00,1.00,0.00,,
15.30,-90.00,0.00,0.00,74.70,90.00,0.52,0.00,1.00,0.00,,
15.30,-90.00,0.00,0.00,74.70,90.00,0.55,0.00,1.00,0.00,,
15.30,-90.00,0.00,0.00,74.70,90.00,0.55,0.00,1.00,0.00,,
15.30,-90.00,0.00,0.00,74.70,90.00,0.51,0.00,1.00,0.00,,
17.00,-90.00,0.00,0.00,73.00,90.00,0.48,0.00,1.00,0.00,,
17.00,-90.00,0.00,0.00,73.00,90.00,0.49,0.00,1.00,0.00,,
17.00,-90.00,0.00,0.00,73.00,90.00,0.49,0.00,1.00,0.00,,
18.70,-90.00,0.00,0.00,71.30,90.00,0.49,0.00,1.00,0.00,,
18.70,-90.00,0.00,0.00,71.30,90.00,0.51,0.00,1.00,0.00,,
18.70,-90.00,0.00,0.00,71.30,90.00,0.52,0.00,1.00,0.00,,
20.40,-90.00,0.00,0.00,69.60,90.00,0.52,0.00,1.00,0.00,,
20.40,-90.00,0.00,0.00,69.60,90.00,0.55,0.00,1.00,0.00,,
20.40,-90.00,0.00,0.00,69.60,90.00,0.55,0.00,1.00,0.00,,
20.40,-90.00,0.00,0.00,69.60,90.00,0.51,0.00,1.00,0.00,,
22.10,-90.00,0.00,0.00,67.90,90.00,0.48,0.00,1.00,0.00,,
22.10,-90.00,0.00,0.00,67.90,90.00,0.49,0.00,1.00,0.00,,
22.10,-90.00,0.00,0.00,67.90,90.00,0.49,0.00,1.00,0.00,,
23.80,-90.00,0.00,0.00,66.20,90.00,0.48,0.00,1.00,0.00,,
23.80,-90.00,0.00,0.00,66.20,90.00,0.51,0.00,1.00,0.00,,
23.80,-90.00,0.00,0.00,66.20,90.00,0.52,0.00,1.00,0.00,,
23.80,-90.00,0.00,0.00,66.20,90.00,0.49,0.00,1.00,0.00,,
23.80,-90.00,0.00,0.00,66.20,90.00,0.42,0.00,1.00,0.00,,
23.80,-90.00,0.00,0.00,66.20,90.00,0.35,0.00,1.00,0.00,,
23.80,-90.00,0.00,0.00,66.20,90.00,0.28,0.00,1.00,0.00,,
22.10,-90.00,0.00,0.00,67.90,90.00,0.17,0.00,1.00,0.00,,
22.10,-90.00,0.00,0.00,67.90,90.00,0.02,0.00,1.00,0.00,,
22.10,-90.00,0.00,0.00,67.90,90.00,0.11,0.00,1.00,0.00,,
20.40,-90.00,0.00,0.00,69.60,90.00,0.22,0.00,1.00,0.00,,
20.40,-90.00,0.00,0.00,69.60,90.00,0.34,0.00,1.00,0.00,,
20.40,-90.00,0.00,0.00,69.60,90.00,0.42,0.00,1.00,0.00,,
20.40,-90.00,0.00,0.00,69.60,90.00,0.44,0.00,1.00,0.00,,
18.70,-90.00,0.00,0.00,71.30,90.00,0.45,0.00,1.00,0.00,,
18.70,-90.00,0.00,0.00,71.30,90.00,0.49,0.00,1.00,0.00,,
18.70,-90.00,0.00,0.00,71.30,90.00,0.51,0.00,1.00,0.00,,
17.00,-90.00,0.00,0.00,73.00,90.00,0.52,0.00,1.00,0.00,,
17.00,-90.00,0.00,0.00,73.00,90.00,0.55,0.00,1.00,0.00,,
17.00,-90.00,0.00,0.00,73.00,90.00,0.56,0.00,1.00,0.00,,
15.30,-90.00,0.00,0.00,74.70,90.00,0.55,0.00,1.00,0.00,,
15.30,-90.00,0.00,0.00,74.70,90.00,0.57,0.00,1.00,0.00,,
15.30,-90.00,0.00,0.00,74.70,90.00,0.57,0.00,1.00,0.00,,
15.30,-90.00,0.00,0.00,74.70,90.00,0.53,0.00,1.00,0.00,,
13.60,-90.00,0.00,0.00,76.40,90.00,0.49,0.00,1.00,0.00,,
13.60,-90.00,0.00,0.00,76.40,90.00,0.50,0.00,1.00,0.00,,
13.60,-90.00,0.00,0.00,76.40,90.00,0.49,0.00,1.00,0.00,,
11.90,-90.00,0.00,0.00,78.10,90.00,0.49,0.00,1.00,0.00,,
11.90,-90.00,0.00,0.00,78.10,90.00,0.51,0.00,1.00,0.00,,
11.90,-90.00,0.00,0.00,78.10,90.00,0.52,0.00,1.00,0.00,,
11.90,-90.00,0.00,0.00,78.10,90.00,0.48,0.00,1.00,0.00,,
10.20,-90.00,0.00,0.00,79.80,90.00,0.46,0.00,1.00,0.00,,
10.20,-90.00,0.00,0.00,79.80,90.00,0.47,0.00,1.00,0.00,,
10.20,-90.00,0.00,0.00,79.80,90.00,0.48,0.00,1.00,0.00,,
8.50,-90.00,0.00,0.00,81.50,90.00,0.47,0.00,0.00,0.00,,
8.50,-90.00,0.00,0.00,81.50,90.00,0.50,0.00,0.00,0.00,,
8.50,-90.00,0.00,0.00,81.50,90.00,0.52,0.00,0.00,0.00,,
6.80,-90.00,0.00,0.00,83.20,90.00,0.52,0.00,0.00,0.00,,
6.80,-90.00,0.00,0.00,83.20,90.00,0.54,0.00,0.00,0.00,,
6.80,-90.00,0.00,0.00,83.20,90.00,0.55,0.00,0.00,0.00,,
6.80,-90.00,0.00,0.00,83.20,90.00,0.51,0.00,0.00,0.00,,
5.10,-90.00,0.00,0.00,84.90,90.00,0.48,0.00,0.00,0.00,,
5.10,-90.00,0.00,0.00,84.90,90.00,0.49,0.00,0.00,0.00,,
5.10,-90.00,0.00,0.00,84.90,90.00,0.49,0.00,0.00,0.00,,
3.40,-90.00,0.00,0.00,86.60,90.00,0.49,0.00,0.00,0.00,,
3.40,-90.00,0.00,0.00,86.60,90.00,0.51,0.00,0.00,0.00,,
3.40,-90.00,0.00,0.00,86.60,90.00,0.52,0.00,0.00,0.00,,
3.40,-90.00,0.00,0.00,86.60,90.00,0.49,0.00,0.00,0.00,,
1.70,-90.00,0.00,0.00,88.30,90.00,0.46,0.00,0.00,0.00,,
1.70,-90.00,0.00,0.00,88.30,90.00,0.47,0.00,0.00,0.00,,
1.70,-90.00,0.00,0.00,88.30,90.00,0.48,0.00,0.00,0.00,,
-0.00,-90.00,0.00,0.00,90.00,90.00,0.48,0.00,0.00,0.00,,
-0.00,-90.00,0.00,0.00,90.00,90.00,0.51,0.00,0.00,0.00,,
-0.00,-90.00,0.00,0.00,90.00,90.00,0.52,0.00,0.00,0.00,,
-1.70,-90.00,0.00,0.00,91.70,90.00,0.52,0.00,0.00,0.00,,
-1.70,-90.00,0.00,0.00,91.70,90.00,0.55,0.00,0.00,0.00,,
-1.70,-90.00,0.00,0.00,91.70,90.00,0.55,0.00,0.00,0.00,,
-1.70,-90.00,0.00,0.00,91.70,90.00,0.51,0.00,0.00,0.00,,
-3.40,-90.00,0.00,0.00,93.40,90.00,0.48,0.00,0.00,0.00,,
-3.40,-90.00,0.00,0.00,93.40,90.00,0.49,0.00,0.00,0.00,,
-3.40,-90.00,0.00,0.00,93.40,90.00,0.49,0.00,0.00,0.00,,
-3.40,-90.00,0.00,0.00,93.40,90.00,0.45,0.00,0.00,0.00,,
-3.40,-90.00,0.00,0.00,93.40,90.00,0.39,0.00,0.00,0.00,,
-3.40,-90.00,0.00,0.00,93.40,90.00,0.32,0.00,0.00,0.00,,
-3.40,-90.00,0.00,0.00,93.40,90.00,0.25,0.00,0.00,0.00,,
-3.40,-90.00,0.00,0.00,93.40,90.00,0.18,0.00,0.00,0.00,,
-3.40,-90.00,0.00,0.00,93.40,90.00,0.13,0.00,0.00,0.00,,
-3.40,-90.00,0.00,0.00,93.40,90.00,0.08,0.00,0.00,0.00,,
-3.40,-90.00,0.00,0.00,93.40,90.00,0.05,0.00,0.00,0.00,,
-3.40,-90.00,0.00,0.00,93.40,90.00,0.02,0.00,0.00,0.00,,
-3.40,-90.00,0.00,0.00,93.40,90.00,0.00,0.00,0.00,0.00,,
-3.40,-90.00,0.00,0.00,93.40,90.00,0.01,0.00,0.00,0.00,,
-3.40,-90.00,0.00,0.00,93.40,90.00,0.02,0.00,0.00,0.00,,
-3.40,-90.00,0.00,0.00,93.40,90.00,0.02,0.00,0.00,0.00,,
-3.40,-90.00,0.00,0.00,93.40,90.00,0.02,0.00,0.00,0.00,,
-3.40,-90.00,0.00,0.00,93.40,90.00,0.02,0.00,0.00,0.00,,
-3.40,-90.00,0.00,0.00,93.40,90.00,0.02,0.00,0.00,0.00,,
-3.40,-90.00,0.00,0.00,93.40,90.00,0.01,0.00,0.00,0.00,,
-3.40,-90.00,0.00,0.00,93.40,90.00,0.01,0.00,0.00,0.00,,
-3.40,-90.00,0.00,0.00,93.40,90.00,0.01,0.00,0.00,0.00,,
-3.40,-90.00,0.00,0.00,93.40,90.00,0.01,0.00,0.00,0.00,,
-3.40,-90.00,0.00,0.00,93.40,90.00,0.00,0.00,0.00,0.00,,
-3.40,-90.00,0.00,0.00,93.40,90.00,0.00,0.00,0.00,0.00,,
-3.40,-90.00,0.00,0.00,93.40,90.00,0.00,0.00,0.00,0.00,,
-3.40,-90.00,0.00,0.00,93.40,90.00,0.00,0.00,0.00,0.00,,
-3.40,-90.00,0.00,0.00,93.40,90.00,0.00,0.00,0.00,0.00,,
-3.40,-90.00,0.00,0.00,93.40,90.00,0.00,0.00,0.00,0.00,,
-3.40,-90.00,0.00,0.00,93.40,90.00,0.00,0.00,0.00,0.00,,
-3.40,-90.00,0.00,0.00,93.40,90.00,0.00,0.00,0.00,0.00,,
-3.40,-90.00,0.00,0.00,93.40,90.00,0.00,0.00,0.00,0.00,,
-3.40,-90.00,0.00,0.00,93.40,90.00,0.00,0.00,0.00,0.00,,
-3.40,-90.00,0.00,0.00,93.40,90.00,0.00,0.00,0.00,0.00,,
-3.40,-90.00,0.00,0.00,93.40,90.00,0.00,0.00,0.00,0.00,,
-3.40,-90.00,0.00,0.00,93.40,90.00,0.00,0.00,0.00,0.00,,
-3.40,-90.00,0.00,0.00,93.40,90.00,0.00,0.00,0.00,0.00,,
-3.40,-90.00,0.00,0.00,93.40,90.00,0.00,0.00,0.00,0.00,,
-3.40,-90.00,0.00,0.00,93.40,90.00,0.00,0.00,0.00,0.00,,
-3.40,-90.00,0.00,0.00,93.40,90.00,0.00,0.00,0.00,0.00,,
-1.70,-90.00,0.00,0.00,91.70,90.00,0.03,0.00,0.00,0.00,,
-1.70,-90.00,0.00,0.00,91.70,90.00,0.12,0.00,0.00,0.00,,
-1.70,-90.00,0.00,0.00,91.70,90.00,0.20,0.00,0.00,0.00,,
-0.00,-90.00,0.00,0.00,90.00,90.00,0.27,0.00,0.00,0.00,,
-0.00,-90.00,0.00,0.00,90.00,90.00,0.36,0.00,0.00,0.00,,
-0.00,-90.00,0.00,0.00,90.00,90.00,0.42,0.00,0.00,0.00,,
-0.00,-90.00,0.00,0.00,90.00,90.00,0.43,0.00,0.00,0.00,,
-0.00,-90.00,0.00,0.00,90.00,90.00,0.40,0.00,0.00,0.00,,
-0.00,-90.00,0.00,0.00,90.00,90.00,0.35,0.00,0.00,0.00,,
-0.00,-90.00,0.00,0.00,90.00,90.00,0.29,0.00,0.00,0.00,,
-0.00,-90.00,0.00,0.00,90.00,90.00,0.23,0.00,0.00,0.00,,
-0.00,-90.00,0.00,0.00,90.00,90.00,0.17,0.00,0.00,0.00,,
-0.00,-90.00,0.00,0.00,90.00,90.00,0.12,0.00,0.00,0.00,,
-0.00,-90.00,0.00,0.00,90.00,90.00,0.08,0.00,0.00,0.00,,
-0.00,-90.00,0.00,0.00,90.00,90.00,0.04,0.00,0.00,0.00,,
-0.00,-90.00,0.00,0.00,90.00,90.00,0.02,0.00,0.00,0.00,,
-0.00,-90.00,0.00,0.00,90.00,90.00,0.00,0.00,0.00,0.00,,
-0.00,-90.00,0.00,0.00,90.00,90.00,0.01,0.00,0.00,0.00,,
-0.00,-90.00,0.00,0.00,90.00,90.00,0.02,0.00,0.00,0.00,,
-0.00,-90.00,0.00,0.00,90.00,90.00,0.02,0.00,0.00,0.00,,
-0.00,-90.00,0.00,0.00,90.00,90.00,0.02,0.00,0.00,0.00,,
-0.00,-90.00,0.00,0.00,90.00,90.00,0.02,0.00,0.00,0.00,,
-0.00,-90.00,0.00,0.00,90.00,90.00,0.01,0.00,0.00,0.00,,
-0.00,-90.00,0.00,0.00,90.00,90.00,0.01,0.00,0.00,0.00,,
-0.00,-90.00,0.00,0.00,90.00,90.00,0.01,0.00,0.00,0.00,,
-0.00,-90.00,0.00,0.00,90.00,90.00,0.01,0.00,0.00,0.00,,
-0.00,-90.00,0.00,0.00,90.00,90.00,0.01,0.00,0.00,0.00,,
-0.00,-90.00,0.00,0.00,90.00,90.00,0.00,0.00,0.00,0.00,,
-0.00,-90.00,0.00,0.00,90.00,90.00,0.00,0.00,0.00,0.00,,
-0.00,-90.00,0.00,0.00,90.00,90.00,0.00,0.00,0.00,0.00,,
-0.00,-90.00,0.00,0.00,90.00,90.00,0.00,0.00,0.00,0.00,,
-0.00,-90.00,0.00,0.00,90.00,90.00,0.00,0.00,0.00,0.00,,
-0.00,-90.00,0.00,0.00,90.00,90.00,0.00,0.00,0.00,0.00,,
-0.00,-90.00,0.00,0.00,90.00,90.00,0.00,0.00,0.00,0.00,,
-0.00,-90.00,0.00,0.00,90.00,90.00,0.00,0.00,0.00,0.00,,
-0.00,-90.00,0.00,0.00,90.00,90.00,0.00,0.00,0.00,0.00,,
-0.00,-90.00,0.00,0.00,90.00,90.00,0.00,0.00,0.00,0.00,,
-0.00,-90.00,0.00,0.00,90.00,90.00,0.00,0.00,0.00,0.00,,
-0.00,-90.00,0.00,0.00,90.00,90.00,0.00,0.00,0.00,0.00,,
-0.00,-90.00,0.00,0.00,90.00,90.00,0.00,0.00,0.00,0.00,,
-0.00,-90.00,0.00,0.00,90.00,90.00,0.00,0.00,0.00,0.00,,
-0.00,-90.00,0.00,0.00,90.00,90.00,0.00,0.00,0.00,0.00,,
-0.00,-90.00,0.00,0.00,90.00,90.00,0.00,0.00,0.00,0.00,,
-0.00,-90.00,0.00,0.00,90.00,90.00,0.00,0.00,0.00,0.00,,
-0.00,-90.00,0.00,0.00,90.00,90.00,0.00,0.00,0.00,0.00,,
-0.00,-90.00,0.00,0.00,90.00,90.00,0.00,0.00,0.00,0.00,,
-0.00,-90.00,0.00,0.00,90.00,90.00,0.00,0.00,0.00,0.00,,
-0.00,-90.00,0.00,0.00,90.00,90.00,0.00,0.00,0.00,0.00,,
-0.00,-90.00,0.00,0.00,90.00,90.00,0.00,0.00,0.00,0.00,,
-0.00,-90.00,0.00,0.00,90.00,90.00,0.00,0.00,0.00,0.00,,
-0.00,-90.00,0.00,0.00,90.00,90.00,0.00,0.00,0.00,0.00,,
-0.00,-90.00,0.00,0.00,90.00,90.00,0.00,0.00,0.00,0.00,,
-0.00,-90.00,0.00,0.00,90.00,90.00,0.00,0.00,0.00,0.00,,
-0.00,-90.00,0.00,0.00,90.00,90.00,0.00,0.00,0.00,0.00,,
-0.00,-90.00,0.00,0.00,90.00,90.00,0.00,0.00,0.00,0.00,,
-0.00,-90.00,0.00,0.00,90.00,90.00,0.00,0.00,0.00,0.00,,
-0.00,-90.00,0.00,0.00,90.00,90.00,0.00,0.00,0.00,0.00,,
-0.00,-90.00,0.00,0.00,90.00,90.00,0.00,0.00,0.00,0.00,,
-0.00,-90.00,0.00,0.00,90.00,90.00,0.00,0.00,0.00,0.00,,
-0.00,-90.00,0.00,0.00,90.00,90.00,0.00,0.00,0.00,0.00,,
-0.00,-90.00,0.00,0.00,90.00,90.00,0.00,0.00,0.00,0.00,,
-0.00,-90.00,0.00,0.00,90.00,90.00,0.00,0.00,0.00,0.00,,
-0.00,-90.00,0.00,0.00,90.00,90.00,0.00,0.00,0.00,0.00,,
-0.00,-90.00,0.00,0.00,90.00,90.00,0.00,0.00,0.00,0.00,,
-0.00,-90.00,0.00,0.00,90.00,90.00,0.00,0.00,0.00,0.00,,
-0.00,-90.00,0.00,0.00,90.00,90.00,0.00,0.00,0.00,0.00,,
-0.00,-90.00,0.00,0.00,90.00,90.00,0.00,0.00,0.00,0.00,,
-0.00,-90.00,0.00,0.00,90.00,90.00,0.00,0.00,0.00,0.00,,
-0.00,-90.00,0.00,0.00,90.00,90.00,0.00,0.00,0.00,0.00,,
-0.00,-90.00,0.00,0.00,90.00,90.00,0.00,0.00,0.00,0.00,,
-0.00,-90.00,0.00,0.00,90.00,90.00,0.00,0.00,0.00,0.00,,
-0.00,-90.00,0.00,0.00,90.00,90.00,0.00,0.00,0.00,0.00,,
-0.00,-90.00,0.00,0.00,90.00,90.00,0.00,0.00,0.00,0.00,,
-0.00,-90.00,0.00,0.00,90.00,90.00,0.00,0.00,0.00,0.00,,
-0.00,-90.00,0.00,0.00,90.00,90.00,0.00,0.00,0.00,0.00,,
-0.00,-90.00,0.00,0.00,90.00,90.00,0.00,0.00,0.00,0.00,,
-0.00,-90.00,0.00,0.00,90.00,90.00,0.00,0.00,0.00,0.00,,
-0.00,-90.00,0.00,0.00,90.00,90.00,0.00,0.00,0.00,0.00,,
-0.00,-90.00,0.00,0.00,90.00,90.00,0.00,0.00,0.00,0.00,,
-0.00,-90.00,0.00,0.00,90.00,90.00,0.00,0.00,0.00,0.00,,
-0.00,-90.00,0.00,0.00,90.00,90.00,0.00,0.00,0.00,0.00,,
-0.00,-90.00,0.00,0.00,90.00,90.00,0.00,0.00,0.00,0.00,,
-0.00,-90.00,0.00,0.00,90.00,90.00,0.00,0.00,0.00,0.00,,
-0.00,-90.00,0.00,0.00,90.00,90.00,0.00,0.00,0.00,0.00,,
-0.00,-90.00,0.00,0.00,90.00,90.00,0.00,0.00,0.00,0.00,,
-0.00,-90.00,0.00,0.00,90.00,90.00,0.00,0.00,0.00,0.00,,
-0.00,-90.00,0.00,0.00,90.00,90.00,0.00,0.00,0.00,0.00,,
-0.00,-90.00,0.00,0.00,90.00,90.00,0.00,0.00,0.00,0.00,,
-0.00,-90.00,0.00,0.00,90.00,90.00,0.00,0.00,0.00,0.00,,
-0.00,-90.00,0.00,0.00,90.00,90.00,0.00,0.00,0.00,0.00,,
-0.00,-90.00,0.00,0.00,90.00,90.00,0.00,0.00,0.00,0.00,,
-0.00,-90.00,0.00,0.00,90.00,90.00,0.00,0.00,0.00,0.00,,
-0.00,-90.00,0.00,0.00,90.00,90.00,0.00,0.00,0.00,0.00,,
-0.00,-90.00,0.00,0.00,90.00,90.00,0.00,0.00,0.00,0.00,,
-0.00,-90.00,0.00,0.00,90.00,90.00,0.00,0.00,0.00,0.00,,
-0.00,-90.00,0.00,0.00,90.00,90.00,0.00,0.00,0.00,0.00,,
-0.00,-90.00,0.00,0.00,90.00,90.00,0.00,0.00,0.00,0.00,,
-0.00,-90.00,0.00,0.00,90.00,90.00,0.00,0.00,0.00,0.00,,
-0.00,-90.00,0.00,0.00,90.00,90.00,0.00,0.00,0.00,0.00,,
-0.00,-90.00,0.00,0.00,90.00,90.00,0.00,0.00,0.00,0.00,,
-0.00,-90.00,0.00,0.00,90.00,90.00,0.00,0.00,0.00,0.00,,
-0.00,-90.00,0.00,0.00,90.00,90.00,0.00,0.00,0.00,0.00,,
-0.00,-90.00,0.00,0.00,90.00,90.00,0.00,0.00,0.00,0.00,,
-0.00,-90.00,0.00,0.00,90.00,90.00,0.00,0.00,0.00,0.00,,
-0.00,-90.00,0.00,0.00,90.00,90.00,0.00,0.00,0.00,0.00,,
-0.00,-90.00,0.00,0.00,90.00,90.00,0.00,0.00,0.00,0.00,,
-0.00,-90.00,0.00,0.00,90.00,90.00,0.00,0.00,0.00,0.00,,
-0.00,-90.00,0.00,0.00,90.00,90.00,0.00,0.00,0.00,0.00,,
-0.00,-90.00,0.00,0.00,90.00,90.00,0.00,0.00,0.00,0.00,,
-0.00,-90.00,0.00,0.00,90.00,90.00,0.00,0.00,0.00,0.00,,
-0.00,-90.00,0.00,0.00,90.00,90.00,0.00,0.00,0.00,0.00,,
-0.00,-90.00,0.00,0.00,90.00,90.00,0.00,0.00,0.00,0.00,,
-0.00,-90.00,0.00,0.00,90.00,90.00,0.00,0.00,0.00,0.00,,
-0.00,-90.00,0.00,0.00,90.00,90.00,0.00,0.00,0.00,0.00,,
-0.00,-90.00,0.00,0.00,90.00,90.00,0.00,0.00,0.00,0.00,,
-0.00,-90.00,0.00,0.00,90.00,90.00,0.00,0.00,0.00,0.00,,
-0.00,-90.00,0.00,0.00,90.00,90.00,0.00,0.00,0.00,0.00,,
-0.00,-90.00,0.00,0.00,90.00,90.00,0.00,0.00,0.00,0.00,,
-0.00,-90.00,0.00,0.00,90.00,90.00,0.00,0.00,0.00,0.00,,
-0.00,-90.00,0.00,0.00,90.00,90.00,0.00,0.00,0.00,0.00,,
-0.00,-90.00,0.00,0.00,90.00,90.00,0.00,0.00,0.00,0.00,,
-0.00,-90.00,0.00,0.00,90.00,90.00,0.00,0.00,0.00,0.00,,
-0.00,-90.00,0.00,0.00,90.00,90.00,0.00,0.00,0.00,0.00,,
-0.00,-90.00,0.00,0.00,90.00,90.00,0.00,0.00,0.00,0.00,,
-0.00,-90.00,0.00,0.00,90.00,90.00,0.00,0.00,0.00,0.00,,
-0.00,-90.00,0.00,0.00,90.00,90.00,0.00,0.00,0.00,0.00,,
-0.00,-90.00,0.00,0.00,90.00,90.00,0.00,0.00,0.00,0.00,,
-0.00,-90.00,0.00,0.00,90.00,90.00,0.00,0.00,0.00,0.00,,
-0.00,-90.00,0.00,0.00,90.00,90.00,0.00,0.00,0.00,0.00,,
-0.00,-90.00,0.00,0.00,90.00,90.00,0.00,0.00,0.00,0.00,,
-0.00,-90.00,0.00,0.00,90.00,90.00,0.00,0.00,0.00,0.00,,
-0.00,-90.00,0.00,0.00,90.00,90.00,0.00,0.00,0.00,0.00,,
-0.00,-90.00,0.00,0.00,90.00,90.00,0.00,0.00,0.00,0.00,,
-0.00,-90.00,0.00,0.00,90.00,90.00,0.00,0.00,0.00,0.00,,
-0.00,-90.00,0.00,0.00,90.00,90.00,0.00,0.00,0.00,0.00,,
-0.00,-90.00,0.00,0.00,90.00,90.00,0.00,0.00,0.00,0.00,,
-0.00,-90.00,0.00,0.00,90.00,90.00,0.00,0.00,0.00,0.00,,
-0.00,-90.00,0.00,0.00,90.00,90.00,0.00,0.00,0.00,0.00,,
-0.00,-90.00,0.00,0.00,90.00,90.00,0.00,0.00,0.00,0.00,,
-0.00,-90.00,0.00,0.00,90.00,90.00,0.00,0.00,0.00,0.00,,
-0.00,-90.00,0.00,0.00,90.00,90.00,0.00,0.00,0.00,0.00,,
-0.00,-90.00,0.00,0.00,90.00,90.00,0.00,0.00,0.00,0.00,,
-0.00,-90.00,0.00,0.00,90.00,90.00,0.00,0.00,0.00,0.00,,
-0.00,-90.00,0.00,0.00,90.00,90.00,0.00,0.00,0.00,0.00,,
-0.00,-90.00,0.00,0.00,90.00,90.00,0.00,0.00,0.00,0.00,,
-0.00,-90.00,0.00,0.00,90.00,90.00,0.00,0.00,0.00,0.00,,
-0.00,-90.00,0.00,0.00,90.00,90.00,0.00,0.00,0.00,0.00,,
-0.00,-90.00,0.00,0.00,90.00,90.00,0.00,0.00,0.00,0.00,,
-0.00,-90.00,0.00,0.00,90.00,90.00,0.00,0.00,0.00,0.00,,
-0.00,-90.00,0.00,0.00,90.00,90.00,0.00,0.00,0.00,0.00,,
-0.00,-90.00,0.00,0.00,90.00,90.00,0.00,0.00,0.00,0.00,,
-0.00,-90.00,0.00,0.00,90.00,90.00,0.00,0.00,0.00,0.00,,
-0.00,-90.00,0.00,0.00,90.00,90.00,0.00,0.00,0.00,0.00,,
-0.00,-90.00,0.00,0.00,90.00,90.00,0.00,0.00,0.00,0.00,,
-0.00,-90.00,0.00,0.00,90.00,90.00,0.00,0.00,0.00,0.00,,
-0.00,-90.00,0.00,0.00,90.00,90.00,0.00,0.00,0.00,0.00,,
-0.00,-90.00,0.00,0.00,90.00,90.00,0.00,0.00,0.00,0.00,,
-0.00,-90.00,0.00,0.00,90.00,90.00,0.00,0.00,0.00,0.00,,
-0.00,-90.00,0.00,0.00,90.00,90.00,0.00,0.00,0.00,0.00,,
-0.00,-90.00,0.00,0.00,90.00,90.00,0.00,0.00,0.00,0.00,,
-0.00,-90.00,0.00,0.00,90.00,90.00,0.00,0.00,0.00,0.00,,
-0.00,-90.00,0.00,0.00,90.00,90.00,0.00,0.00,0.00,0.00,,
-0.00,-90.00,0.00,0.00,90.00,90.00,0.00,0.00,0.00,0.00,,
-0.00,-90.00,0.00,0.00,90.00,90.00,0.00,0.00,0.00,0.00,,
-0.00,-90.00,0.00,0.00,90.00,90.00,0.00,0.00,0.00,0.00,,
-0.00,-90.00,0.00,0.00,90.00,90.00,0.00,0.00,0.00,0.00,,
-0.00,-90.00,0.00,0.00,90.00,90.00,0.00,0.00,0.00,0.00,,
-0.00,-90.00,0.00,0.00,90.00,90.00,0.00,0.00,0.00,0.00,,
-0.00,-90.00,0.00,0.00,90.00,90.00,0.00,0.00,0.00,0.00,,
-0.00,-90.00,0.00,0.00,90.00,90.00,0.00,0.00,0.00,0.00,,
-0.00,-90.00,0.00,0.00,90.00,90.00,0.00,0.00,0.00,0.00,,
-0.00,-90.00,0.00,0.00,90.00,90.00,0.00,0.00,0.00,0.00,,
-0.00,-90.00,0.00,0.00,90.00,90.00,0.00,0.00,0.00,0.00,,
-0.00,-90.00,0.00,0.00,90.00,90.00,0.00,0.00,0.00,0.00,,
-0.00,-90.00,0.00,0.00,90.00,90.00,0.00,0.00,0.00,0.00,,
-0.00,-90.00,0.00,0.00,90.00,90.00,0.00,0.00,0.00,0.00,,
-0.00,-90.00,0.00,0.00,90.00,90.00,0.00,0.00,0.00,0.00,,
-0.00,-90.00,0.00,0.00,90.00,90.00,0.00,0.00,0.00,0.00,,
-0.00,-90.00,0.00,0.00,90.00,90.00,0.00,0.00,0.00,0.00,,
-0.00,-90.00,0.00,0.00,90.00,90.00,0.00,0.00,0.00,0.00,,
-0.00,-90.00,0.00,0.00,90.00,90.00,0.00,0.00,0.00,0.00,,
-0.00,-90.00,0.00,0.00,90.00,90.00,0.00,0.00,0.00,0.00,,
-0.00,-90.00,0.00,0.00,90.00,90.00,0.00,0.00,0.00,0.00,,
-0.00,-90.00,0.00,0.00,90.00,90.00,0.00,0.00,0.00,0.00,,
-0.00,-90.00,0.00,0.00,90.00,90.00,0.00,0.00,0.00,0.00,,
-0.00,-90.00,0.00,0.00,90.00,90.00,0.00,0.00,0.00,0.00,,
-0.00,-90.00,0.00,0.00,90.00,90.00,0.00,0.00,0.00,0.00,,
-0.00,-90.00,0.00,0.00,90.00,90.00,0.00,0.00,0.00,0.00,,
-0.00,-90.00,0.00,0.00,90.00,90.00,0.00,0.00,0.00,0.00,,
-0.00,-90.00,0.00,0.00,90.00,90.00,0.00,0.00,0.00,0.00,,
-0.00,-90.00,0.00,0.00,90.00,90.00,0.00,0.00,0.00,0.00,,
-0.00,-90.00,0.00,0.00,90.00,90.00,0.00,0.00,0.00,0.00,,
-0.00,-90.00,0.00,0.00,90.00,90.00,0.00,0.00,0.00,0.00,,
-0.00,-90.00,0.00,0.00,90.00,90.00,0.00,0.00,0.00,0.00,,
-0.00,-90.00,0.00,0.00,90.00,90.00,0.00,0.00,0.00,0.00,,
-0.00,-90.00,0.00,0.00,90.00,90.00,0.00,0.00,0.00,0.00,,
-0.00,-90.00,0.00,0.00,90.00,90.00,0.00,0.00,0.00,0.00,,
-0.00,-90.00,0.00,0.00,90.00,90.00,0.00,0.00,0.00,0.00,,
-0.00,-90.00,0.00,0.00,90.00,90.00,0.00,0.00,0.00,0.00,,
-0.00,-90.00,0.00,0.00,90.00,90.00,0.00,0.00,0.00,0.00,,
-0.00,-90.00,0.00,0.00,90.00,90.00,0.00,0.00,0.00,0.00,,
-0.00,-90.00,0.00,0.00,90.00,90.00,0.00,0.00,0.00,0.00,,
-0.00,-90.00,0.00,0.00,90.00,90.00,0.00,0.00,0.00,0.00,,
-0.00,-90.00,0.00,0.00,90.00,90.00,0.00,0.00,0.00,0.00,,
-0.00,-90.00,0.00,0.00,90.00,90.00,0.00,0.00,0.00,0.00,,
-0.00,-90.00,0.00,0.00,90.00,90.00,0.00,0.00,0.00,0.00,,
-0.00,-90.00,0.00,0.00,90.00,90.00,0.00,0.00,0.00,0.00,,
-0.00,-90.00,0.00,0.00,90.00,90.00,0.00,0.00,0.00,0.00,,
-0.00,-90.00,0.00,0.00,90.00,90.00,0.00,0.00,0.00,0.00,,
-0.00,-90.00,0.00,0.00,90.00,90.00,0.00,0.00,0.00,0.00,,
-0.00,-90.00,0.00,0.00,90.00,90.00,0.00,0.00,0.00,0.00,,
-0.00,-90.00,0.00,0.00,90.00,90.00,0.00,0.00,0.00,0.00,,
-0.00,-90.00,0.00,0.00,90.00,90.00,0.00,0.00,0.00,0.00,,
-0.00,-90.00,0.00,0.00,90.00,90.00,0.00,0.00,0.00,0.00,,
-0.00,-90.00,0.00,0.00,90.00,90.00,0.00,0.00,0.00,0.00,,
-0.00,-90.00,0.00,0.00,90.00,90.00,0.00,0.00,0.00,0.00,,
-0.00,-90.00,0.00,0.00,90.00,90.00,0.00,0.00,0.00,0.00,,
-0.00,-90.00,0.00,0.00,90.00,90.00,0.00,0.00,0.00,0.00,,
-0.00,-90.00,0.00,0.00,90.00,90.00,0.00,0.00,0.00,0.00,,
-0.00,-90.00,0.00,0.00,90.00,90.00,0.00,0.00,0.00,0.00,,
-0.00,-90.00,0.00,0.00,90.00,90.00,0.00,0.00,0.00,0.00,,
-0.00,-90.00,0.00,0.00,90.00,90.00,0.00,0.00,0.00,0.00,,
-0.00,-90.00,0.00,0.00,90.00,90.00,0.00,0.00,0.00,0.00,,
-0.00,-90.00,0.00,0.00,90.00,90.00,0.00,0.00,0.00,0.00,,
-0.00,-90.00,0.00,0.00,90.00,90.00,0.00,0.00,0.00,0.00,,
-0.00,-90.00,0.00,0.00,90.00,90.00,0.00,0.00,0.00,0.00,,
-0.00,-90.00,0.00,0.00,90.00,90.00,0.00,0.00,0.00,0.00,,
-0.00,-90.00,0.00,0.00,90.00,90.00,0.00,0.00,0.00,0.00,,
-0.00,-90.00,0.00,0.00,90.00,90.00,0.00,0.00,0.00,0.00,,
-0.00,-90.00,0.00,0.00,90.00,90.00,0.00,0.00,0.00,0.00,,
-0.00,-90.00,0.00,0.00,90.00,90.00,0.00,0.00,0.00,0.00,,
-0.00,-90.00,0.00,0.00,90.00,90.00,0.00,0.00,0.00,0.00,,
-0.00,-90.00,0.00,0.00,90.00,90.00,0.00,0.00,0.00,0.00,,
-0.00,-90.00,0.00,0.00,90.00,90.00,0.00,0.00,0.00,0.00,,
-0.00,-90.00,0.00,0.00,90.00,90.00,0.00,0.00,0.00,0.00,,
-0.00,-90.00,0.00,0.00,90.00,90.00,0.00,0.00,0.00,0.00,,
-0.00,-90.00,0.00,0.00,90.00,90.00,0.00,0.00,0.00,0.00,,
-0.00,-90.00,0.00,0.00,90.00,90.00,0.00,0.00,0.00,0.00,,
-0.00,-90.00,0.00,0.00,90.00,90.00,0.00,0.00,0.00,0.00,,
-0.00,-90.00,0.00,0.00,90.00,90.00,0.00,0.00,0.00,0.00,,
-0.00,-90.00,0.00,0.00,90.00,90.00,0.00,0.00,0.00,0.00,,
-0.00,-90.00,0.00,0.00,90.00,90.00,0.00,0.00,0.00,0.00,,
-0.00,-90.00,0.00,0.00,90.00,90.00,0.00,0.00,0.00,0.00,,
-0.00,-90.00,0.00,0.00,90.00,90.00,0.00,0.00,0.00,0.00,,
-0.00,-90.00,0.00,0.00,90.00,90.00,0.00,0.00,0.00,0.00,,
-0.00,-90.00,0.00,0.00,90.00,90.00,0.00,0.00,0.00,0.00,,
-0.00,-90.00,0.00,0.00,90.00,90.00,0.00,0.00,0.00,0.00,,
-0.00,-90.00,0.00,0.00,90.00,90.00,0.00,0.00,0.00,0.00,,
-0.00,-90.00,0.00,0.00,90.00,90.00,0.00,0.00,0.00,0.00,,
-0.00,-90.00,0.00,0.00,90.00,90.00,0.00,0.00,0.00,0.00,,
-0.00,-90.00,0.00,0.00,90.00,90.00,0.00,0.00,0.00,0.00,,
-0.00,-90.00,0.00,0.00,90.00,90.00,0.00,0.00,0.00,0.00,,
-0.00,-90.00,0.00,0.00,90.00,90.00,0.00,0.00,0.00,0.00,,
-0.00,-90.00,0.00,0.00,90.00,90.00,0.00,0.00,0.00,0.00,,
-0.00,-90.00,0.00,0.00,90.00,90.00,0.00,0.00,0.00,0.00,,
-0.00,-90.00,0.00,0.00,90.00,90.00,0.00,0.00,0.00,0.00,,
-0.00,-90.00,0.00,0.00,90.00,90.00,0.00,0.00,0.00,0.00,,
-0.00,-90.00,0.00,0.00,90.00,90.00,0.00,0.00,0.00,0.00,,
-0.00,-90.00,0.00,0.00,90.00,90.00,0.00,0.00,0.00,0.00,,
-0.00,-90.00,0.00,0.00,90.00,90.00,0.00,0.00,0.00,0.00,,
-0.00,-90.00,0.00,0.00,90.00,90.00,0.00,0.00,0.00,0.00,,
-0.00,-90.00,0.00,0.00,90.00,90.00,0.00,0.00,0.00,0.00,,
-0.00,-90.00,0.00,0.00,90.00,90.00,0.00,0.00,0.00,0.00,,
-0.00,-90.00,0.00,0.00,90.00,90.00,0.00,0.00,0.00,0.00,,
-0.00,-90.00,0.00,0.00,90.00,90.00,0.00,0.00,0.00,0.00,,
-0.00,-90.00,0.00,0.00,90.00,90.00,0.00,0.00,0.00,0.00,,
-0.00,-90.00,0.00,0.00,90.00,90.00,0.00,0.00,0.00,0.00,,
-0.00,-90.00,0.00,0.00,90.00,90.00,0.00,0.00,0.00,0.00,,
-0.00,-90.00,0.00,0.00,90.00,90.00,0.00,0.00,0.00,0.00,,
-0.00,-90.00,0.00,0.00,90.00,90.00,0.00,0.00,0.00,0.00,,
-0.00,-90.00,0.00,0.00,90.00,90.00,0.00,0.00,0.00,0.00,,
-0.00,-90.00,0.00,0.00,90.00,90.00,0.00,0.00,0.00,0.00,,
-0.00,-90.00,0.00,0.00,90.00,90.00,0.00,0.00,0.00,0.00,,
-0.00,-90.00,0.00,0.00,90.00,90.00,0.00,0.00,0.00,0.00,,
-0.00,-90.00,0.00,0.00,90.00,90.00,0.00,0.00,0.00,0.00,,
-0.00,-90.00,0.00,0.00,90.00,90.00,0.00,0.00,0.00,0.00,,
-0.00,-90.00,0.00,0.00,90.00,90.00,0.00,0.00,0.00,0.00,,
-0.00,-90.00,0.00,0.00,90.00,90.00,0.00,0.00,0.00,0.00,,
-0.00,-90.00,0.00,0.00,90.00,90.00,0.00,0.00,0.00,0.00,,
-0.00,-90.00,0.00,0.00,90.00,90.00,0.00,0.00,0.00,0.00,,
-0.00,-90.00,0.00,0.00,90.00,90.00,0.00,0.00,0.00,0.00,,
-0.00,-90.00,0.00,0.00,90.00,90.00,0.00,0.00,0.00,0.00,,
-0.00,-90.00,0.00,0.00,90.00,90.00,0.00,0.00,0.00,0.00,,
-0.00,-90.00,0.00,0.00,90.00,90.00,0.00,0.00,0.00,0.00,,
-0.00,-90.00,0.00,0.00,90.00,90.00,0.00,0.00,0.00,0.00,,
-0.00,-90.00,0.00,0.00,90.00,90.00,0.00,0.00,0.00,0.00,,
-0.00,-90.00,0.00,0.00,90.00,90.00,0.00,0.00,0.00,0.00,,
-0.00,-90.00,0.00,0.00,90.00,90.00,0.00,0.00,0.00,0.00,,
-0.00,-90.00,0.00,0.00,90.00,90.00,0.00,0.00,0.00,0.00,,
-0.00,-90.00,0.00,0.00,90.00,90.00,0.00,0.00,0.00,0.00,,
-0.00,-90.00,0.00,0.00,90.00,90.00,0.00,0.00,0.00,0.00,,
-0.00,-90.00,0.00,0.00,90.00,90.00,0.00,0.00,0.00,0.00,,
-0.00,-90.00,0.00,0.00,90.00,90.00,0.00,0.00,0.00,0.00,,
-0.00,-90.00,0.00,0.00,90.00,90.00,0.00,0.00,0.00,0.00,,
-0.00,-90.00,0.00,0.00,90.00,90.00,0.00,0.00,0.00,0.00,,
-0.00,-90.00,0.00,0.00,90.00,90.00,0.00,0.00,0.00,0.00,,
-0.00,-90.00,0.00,0.00,90.00,90.00,0.00,0.00,0.00,0.00,,
-0.00,-90.00,0.00,0.00,90.00,90.00,0.00,0.00,0.00,0.00,,
-0.00,-90.00,0.00,0.00,90.00,90.00,0.00,0.00,0.00,0.00,,
-0.00,-90.00,0.00,0.00,90.00,90.00,0.00,0.00,0.00,0.00,,
-0.00,-90.00,0.00,0.00,90.00,90.00,0.00,0.00,0.00,0.00,,
-0.00,-90.00,0.00,0.00,90.00,90.00,0.00,0.00,0.00,0.00,,
-0.00,-90.00,0.00,0.00,90.00,90.00,0.00,0.00,0.00,0.00,,
-0.00,-90.00,0.00,0.00,90.00,90.00,0.00,0.00,0.00,0.00,,
-0.00,-90.00,0.00,0.00,90.00,90.00,0.00,0.00,0.00,0.00,,
-0.00,-90.00,0.00,0.00,90.00,90.00,0.00,0.00,0.00,0.00,,
-0.00,-90.00,0.00,0.00,90.00,90.00,0.00,0.00,0.00,0.00,,
-0.00,-90.00,0.00,0.00,90.00,90.00,0.00,0.00,0.00,0.00,,
-0.00,-90.00,0.00,0.00,90.00,90.00,0.00,0.00,0.00,0.00,,
-0.00,-90.00,0.00,0.00,90.00,90.00,0.00,0.00,0.00,0.00,,
-0.00,-90.00,0.00,0.00,90.00,90.00,0.00,0.00,0.00,0.00,,
-0.00,-90.00,0.00,0.00,90.00,90.00,0.00,0.00,0.00,0.00,,
-0.00,-90.00,0.00,0.00,90.00,90.00,0.00,0.00,0.00,0.00,,
-0.00,-90.00,0.00,0.00,90.00,90.00,0.00,0.00,0.00,0.00,,
-0.00,-90.00,0.00,0.00,90.00,90.00,0.00,0.00,0.00,0.00,,
-0.00,-90.00,0.00,0.00,90.00,90.00,0.00,0.00,0.00,0.00,,
-0.00,-90.00,0.00,0.00,90.00,90.00,0.00,0.00,0.00,0.00,,
-0.00,-90.00,0.00,0.00,90.00,90.00,0.00,0.00,0.00,0.00,,
-0.00,-90.00,0.00,0.00,90.00,90.00,0.00,0.00,0.00,0.00,,
-0.00,-90.00,0.00,0.00,90.00,90.00,0.00,0.00,0.00,0.00,,
-0.00,-90.00,0.00,0.00,90.00,90.00,0.00,0.00,0.00,0.00,,
-0.00,-90.00,0.00,0.00,90.00,90.00,0.00,0.00,0.00,0.00,,
-0.00,-90.00,0.00,0.00,90.00,90.00,0.00,0.00,0.00,0.00,,
-0.00,-90.00,0.00,0.00,90.00,90.00,0.00,0.00,0.00,0.00,,
-0.00,-90.00,0.00,0.00,90.00,90.00,0.00,0.00,0.00,0.00,,
-0.00,-90.00,0.00,0.00,90.00,90.00,0.00,0.00,0.00,0.00,,
-0.00,-90.00,0.00,0.00,90.00,90.00,0.00,0.00,0.00,0.00,,
-0.00,-90.00,0.00,0.00,90.00,90.00,0.00,0.00,0.00,0.00,,
-0.00,-90.00,0.00,0.00,90.00,90.00,0.00,0.00,0.00,0.00,,
-0.00,-90.00,0.00,0.00,90.00,90.00,0.00,0.00,0.00,0.00,,
-0.00,-90.00,0.00,0.00,90.00,90.00,0.00,0.00,0.00,0.00,,
-0.00,-90.00,0.00,0.00,90.00,90.00,0.00,0.00,0.00,0.00,,
-0.00,-90.00,0.00,0.00,90.00,90.00,0.00,0.00,0.00,0.00,,
-0.00,-90.00,0.00,0.00,90.00,90.00,0.00,0.00,0.00,0.00,,
-0.00,-90.00,0.00,0.00,90.00,90.00,0.00,0.00,0.00,0.00,,
-0.00,-90.00,0.00,0.00,90.00,90.00,0.00,0.00,0.00,0.00,,
-0.00,-90.00,0.00,0.00,90.00,90.00,0.00,0.00,0.00,0.00,,
-0.00,-90.00,0.00,0.00,90.00,90.00,0.00,0.00,0.00,0.00,,
-0.00,-90.00,0.00,0.00,90.00,90.00,0.00,0.00,0.00,0.00,,
-0.00,-90.00,0.00,0.00,90.00,90.00,0.00,0.00,0.00,0.00,,
-0.00,-90.00,0.00,0.00,90.00,90.00,0.00,0.00,0.00,0.00,,
